1.715203672647476196e-01,-8.364576846361160278e-02,7.393288612365722656e-01,-2.908130735158920288e-02,3.256824985146522522e-02,9.989586472511291504e-01,1.323497947305440903e-02,7.929067313671112061e-02,-6.362301763147115707e-03,1.000785455107688904e-01,7.676430046558380127e-03,-3.126837313175201416e-01,-3.169235959649085999e-02,5.268200114369392395e-02,-1.084051281213760376e-01,-1.025512889027595520e-01,5.502353981137275696e-02,-3.404357433319091797e-01,1.084896624088287354e-01,-2.105211168527603149e-01,-6.703308969736099243e-02,-6.488388776779174805e-02,4.414656665176153183e-03,2.588293850421905518e-01,-2.877081036567687988e-01,1.200863718986511230e+00,4.809976816177368164e-01,-5.804763734340667725e-02,-6.142835319042205811e-02,-4.724825546145439148e-02,-2.173165380954742432e-01,3.052959442138671875e-01,1.264979839324951172e+00,-4.075008034706115723e-01,1.936062984168529510e-02,8.489562571048736572e-02
1.740469187498092651e-01,-8.402963727712631226e-02,7.396978139877319336e-01,-3.213237598538398743e-02,3.133683651685714722e-02,9.989356994628906250e-01,1.062742527574300766e-02,6.993844360113143921e-02,-4.004059359431266785e-03,9.102531522512435913e-02,-7.601639663334935904e-05,-3.018126189708709717e-01,-2.776827104389667511e-02,3.372803330421447754e-02,-1.077023148536682129e-01,-1.019249111413955688e-01,7.166278362274169922e-02,-3.439553380012512207e-01,1.038602069020271301e-01,-2.117971777915954590e-01,-6.757216155529022217e-02,-3.244516998529434204e-02,-8.655623346567153931e-02,2.819887399673461914e-01,-2.722592353820800781e-01,1.256294250488281250e+00,4.675001204013824463e-01,-8.010876178741455078e-02,-1.044214814901351929e-01,-1.429962813854217529e-01,-2.326670885086059570e-01,2.914904356002807617e-01,1.318415164947509766e+00,-3.992315530776977539e-01,4.199415445327758789e-03,1.306329816579818726e-01
1.749130040407180786e-01,-8.441299945116043091e-02,7.397694587707519531e-01,-3.181910142302513123e-02,3.125663474202156067e-02,9.989567399024963379e-01,9.800367988646030426e-03,6.833989173173904419e-02,-4.610167350620031357e-03,8.916528522968292236e-02,5.591247463598847389e-04,-3.005386590957641602e-01,-2.770564518868923187e-02,3.014140203595161438e-02,-1.084325462579727173e-01,-1.023660749197006226e-01,7.760344445705413818e-02,-3.467234373092651367e-01,1.038521379232406616e-01,-2.092998176813125610e-01,-6.896173208951950073e-02,-1.689314283430576324e-02,-1.110875979065895081e-01,2.807368934154510498e-01,-2.669057548046112061e-01,1.272148251533508301e+00,4.651502668857574463e-01,-8.664795011281967163e-02,-1.080306991934776306e-01,-1.722166091203689575e-01,-2.326194643974304199e-01,2.884762287139892578e-01,1.333645939826965332e+00,-4.009408950805664062e-01,-6.123854109318926930e-05,1.343028098344802856e-01
1.757631897926330566e-01,-8.484184741973876953e-02,7.399251461029052734e-01,-3.211532905697822571e-02,3.129469603300094604e-02,9.989500045776367188e-01,9.389184415340423584e-03,6.555389612913131714e-02,-5.461420863866806030e-03,8.816592395305633545e-02,1.576722948811948299e-03,-2.997239530086517334e-01,-2.749781310558319092e-02,2.659041620790958405e-02,-1.093411445617675781e-01,-1.022991091012954712e-01,8.066792786121368408e-02,-3.477467596530914307e-01,1.042906418442726135e-01,-2.061133980751037598e-01,-6.975487619638442993e-02,-9.188885800540447235e-03,-1.181877553462982178e-01,2.774049639701843262e-01,-2.650397717952728271e-01,1.275891423225402832e+00,4.651597142219543457e-01,-8.871044963598251343e-02,-1.068369075655937195e-01,-1.839847266674041748e-01,-2.325953096151351929e-01,2.895686924457550049e-01,1.336885929107666016e+00,-4.040300846099853516e-01,-4.865861847065389156e-04,1.331914812326431274e-01
1.767835617065429688e-01,-8.532808721065521240e-02,7.401399016380310059e-01,-3.328687325119972229e-02,3.137978911399841309e-02,9.989105463027954102e-01,9.222965687513351440e-03,6.079130247235298157e-02,-6.461969576776027679e-03,8.772119134664535522e-02,2.435072558000683784e-03,-2.984392046928405762e-01,-2.728563547134399414e-02,2.135804668068885803e-02,-1.104467883706092834e-01,-1.019627973437309265e-01,8.264072239398956299e-02,-3.475603461265563965e-01,1.053245738148689270e-01,-2.026731371879577637e-01,-6.987018138170242310e-02,-3.393728751689195633e-03,-1.210159882903099060e-01,2.736122906208038330e-01,-2.647619545459747314e-01,1.274682164192199707e+00,4.662292301654815674e-01,-8.985149860382080078e-02,-1.054075062274932861e-01,-1.912564337253570557e-01,-2.333379685878753662e-01,2.920772731304168701e-01,1.335411667823791504e+00,-4.079944193363189697e-01,-9.276826312998309731e-05,1.316480636596679688e-01
1.780315637588500977e-01,-8.587789535522460938e-02,7.404148578643798828e-01,-3.516403585672378540e-02,3.146878257393836975e-02,9.988443255424499512e-01,9.123343974351882935e-03,5.407274514436721802e-02,-7.573197130113840103e-03,8.746695518493652344e-02,3.482881700620055199e-03,-2.967675924301147461e-01,-2.706364728510379791e-02,1.455919444561004639e-02,-1.117244437336921692e-01,-1.015854775905609131e-01,8.394628018140792847e-02,-3.464992642402648926e-01,1.068603545427322388e-01,-1.991814821958541870e-01,-6.939942389726638794e-02,2.870566444471478462e-03,-1.231008097529411316e-01,2.696339786052703857e-01,-2.656352519989013672e-01,1.270796298980712891e+00,4.678651988506317139e-01,-9.130002558231353760e-02,-1.041618958115577698e-01,-1.973841786384582520e-01,-2.348562777042388916e-01,2.951774001121520996e-01,1.331452012062072754e+00,-4.130333662033081055e-01,-1.076976914191618562e-04,1.295157074928283691e-01
1.795720458030700684e-01,-8.649149537086486816e-02,7.407733201980590820e-01,-3.770773485302925110e-02,3.153384849429130554e-02,9.987516403198242188e-01,8.885480463504791260e-03,4.505246505141258240e-02,-8.810750208795070648e-03,8.696117252111434937e-02,5.275017581880092621e-03,-2.949120104312896729e-01,-2.656207047402858734e-02,6.041356828063726425e-03,-1.131957843899726868e-01,-1.013785600662231445e-01,8.502794057130813599e-02,-3.448638021945953369e-01,1.086001917719841003e-01,-1.959207057952880859e-01,-6.846218556165695190e-02,1.074666250497102737e-02,-1.255835741758346558e-01,2.658208012580871582e-01,-2.677921652793884277e-01,1.264899849891662598e+00,4.690383970737457275e-01,-9.344057738780975342e-02,-1.032847985625267029e-01,-2.035333514213562012e-01,-2.369966208934783936e-01,2.986575067043304443e-01,1.325784087181091309e+00,-4.182171225547790527e-01,-1.057191868312656879e-03,1.265951693058013916e-01
1.815202236175537109e-01,-8.717053383588790894e-02,7.412564754486083984e-01,-4.092504084110260010e-02,3.155920654535293579e-02,9.986286759376525879e-01,8.362853899598121643e-03,3.314093127846717834e-02,-1.023490168154239655e-02,8.586239814758300781e-02,8.603659458458423615e-03,-2.931295335292816162e-01,-2.519635856151580811e-02,-4.899081308394670486e-03,-1.149625331163406372e-01,-1.014295667409896851e-01,8.705377578735351562e-02,-3.431506156921386719e-01,1.101247742772102356e-01,-1.930691152811050415e-01,-6.729284673929214478e-02,2.122951112687587738e-02,-1.291577517986297607e-01,2.626855969429016113e-01,-2.715171277523040771e-01,1.257015109062194824e+00,4.688080549240112305e-01,-9.635148197412490845e-02,-1.030287668108940125e-01,-2.104392051696777344e-01,-2.394968271255493164e-01,3.024778366088867188e-01,1.318586111068725586e+00,-4.221604168415069580e-01,-3.082342911511659622e-03,1.232653334736824036e-01
1.840746998786926270e-01,-8.791271597146987915e-02,7.419037222862243652e-01,-4.470193013548851013e-02,3.154990449547767639e-02,9.984740018844604492e-01,7.487519178539514542e-03,1.746341772377490997e-02,-1.192293222993612289e-02,8.396648615598678589e-02,1.519724912941455841e-02,-2.920860052108764648e-01,-2.197691425681114197e-02,-1.959183253347873688e-02,-1.172758340835571289e-01,-1.017705276608467102e-01,9.271988272666931152e-02,-3.424045741558074951e-01,1.110331341624259949e-01,-1.905522644519805908e-01,-6.634201109409332275e-02,3.586755692958831787e-02,-1.346085816621780396e-01,2.608053088188171387e-01,-2.767894864082336426e-01,1.246789932250976562e+00,4.668648838996887207e-01,-1.000371724367141724e-01,-1.033604517579078674e-01,-2.187635749578475952e-01,-2.421714514493942261e-01,3.065512478351593018e-01,1.309411287307739258e+00,-4.245950579643249512e-01,-6.013056728988885880e-03,1.201250106096267700e-01
1.879867315292358398e-01,-8.880641311407089233e-02,7.428610324859619141e-01,-4.957090690732002258e-02,3.242180868983268738e-02,9.982241392135620117e-01,6.338396575301885605e-03,-3.101211972534656525e-03,-1.613180711865425110e-02,8.159045875072479248e-02,2.418525889515876770e-02,-2.931669056415557861e-01,-1.254979800432920456e-02,-4.190202802419662476e-02,-1.228090524673461914e-01,-1.035621836781501770e-01,1.042840927839279175e-01,-3.435558974742889404e-01,1.129524037241935730e-01,-1.874825805425643921e-01,-6.782723218202590942e-02,6.176579743623733521e-02,-1.509165167808532715e-01,2.652255296707153320e-01,-2.882286906242370605e-01,1.232282161712646484e+00,4.400266110897064209e-01,-1.013021171092987061e-01,-1.082769855856895447e-01,-2.371837645769119263e-01,-2.485263645648956299e-01,3.182705342769622803e-01,1.296336174011230469e+00,-4.201908409595489502e-01,-2.168268838431686163e-04,1.120130345225334167e-01
1.996934413909912109e-01,-9.062714874744415283e-02,7.443437576293945312e-01,-5.663735792040824890e-02,3.540332615375518799e-02,9.977656602859497070e-01,1.579573145136237144e-03,-6.785651296377182007e-02,-2.767493762075901031e-02,7.274212688207626343e-02,8.769571036100387573e-02,-3.153873980045318604e-01,1.897958293557167053e-02,-1.067027673125267029e-01,-1.415686309337615967e-01,-1.100605279207229614e-01,1.719463318586349487e-01,-3.590170741081237793e-01,1.126903221011161804e-01,-1.811443269252777100e-01,-7.663039863109588623e-02,1.454694867134094238e-01,-1.955028921365737915e-01,2.822125554084777832e-01,-3.166052699089050293e-01,1.189649105072021484e+00,3.800527155399322510e-01,-1.016112491488456726e-01,-1.154941096901893616e-01,-2.812469601631164551e-01,-2.647668719291687012e-01,3.358926475048065186e-01,1.255370616912841797e+00,-4.169321656227111816e-01,1.041647233068943024e-02,9.413252770900726318e-02
2.069174200296401978e-01,-9.096114337444305420e-02,7.426893711090087891e-01,-6.015120074152946472e-02,3.619286417961120605e-02,9.975272417068481445e-01,-3.364388598129153252e-03,-1.315182596445083618e-01,-3.127886727452278137e-02,6.444929540157318115e-02,1.751127392053604126e-01,-3.488478064537048340e-01,3.895280137658119202e-02,-1.585184484720230103e-01,-1.537191867828369141e-01,-1.150915473699569702e-01,2.468545436859130859e-01,-3.841789066791534424e-01,1.046937257051467896e-01,-1.805936992168426514e-01,-7.933720946311950684e-02,1.978893280029296875e-01,-2.175647914409637451e-01,2.912134826183319092e-01,-3.268736004829406738e-01,1.157385587692260742e+00,3.735429942607879639e-01,-1.026072874665260315e-01,-1.173367872834205627e-01,-2.989773154258728027e-01,-2.760828733444213867e-01,3.323239684104919434e-01,1.219363927841186523e+00,-4.249860942363739014e-01,7.261393126100301743e-03,9.705185890197753906e-02
2.142136245965957642e-01,-9.072585403919219971e-02,7.382270097732543945e-01,-6.382396072149276733e-02,3.676231577992439270e-02,9.972400069236755371e-01,-9.346419014036655426e-03,-2.073037624359130859e-01,-3.440903127193450928e-02,5.642613396048545837e-02,2.859778404235839844e-01,-3.932003080844879150e-01,5.934496968984603882e-02,-2.156209945678710938e-01,-1.673732101917266846e-01,-1.205627918243408203e-01,3.356252312660217285e-01,-4.165192842483520508e-01,9.062053263187408447e-02,-1.825270652770996094e-01,-7.871709764003753662e-02,2.440527677536010742e-01,-2.255714833736419678e-01,3.000962436199188232e-01,-3.417237401008605957e-01,1.116507768630981445e+00,3.725920617580413818e-01,-1.044710800051689148e-01,-1.170261651277542114e-01,-3.006542325019836426e-01,-2.916075587272644043e-01,3.323624730110168457e-01,1.171515822410583496e+00,-4.303460419178009033e-01,2.016358077526092529e-03,9.898151457309722900e-02
2.208471000194549561e-01,-8.995494991540908813e-02,7.299532890319824219e-01,-6.833450496196746826e-02,3.646888583898544312e-02,9.968633055686950684e-01,-1.624581590294837952e-02,-2.948943376541137695e-01,-3.573049977421760559e-02,4.852294176816940308e-02,4.191973805427551270e-01,-4.481692612171173096e-01,7.706713676452636719e-02,-2.795841097831726074e-01,-1.810047477483749390e-01,-1.249102056026458740e-01,4.402517378330230713e-01,-4.586158394813537598e-01,7.086665183305740356e-02,-1.874696910381317139e-01,-7.367635518312454224e-02,2.827415168285369873e-01,-2.261301726102828979e-01,3.124031424522399902e-01,-3.605555593967437744e-01,1.068198561668395996e+00,3.759906589984893799e-01,-1.066052690148353577e-01,-1.170128136873245239e-01,-2.933548688888549805e-01,-3.114871978759765625e-01,3.345998227596282959e-01,1.114865064620971680e+00,-4.302998781204223633e-01,-5.587242543697357178e-03,9.885587543249130249e-02
2.259009927511215210e-01,-8.875967562198638916e-02,7.175987362861633301e-01,-7.258155196905136108e-02,3.441870585083961487e-02,9.964914917945861816e-01,-2.349417656660079956e-02,-3.878209888935089111e-01,-3.307462483644485474e-02,4.037958383560180664e-02,5.698118209838867188e-01,-5.099689960479736328e-01,8.856347203254699707e-02,-3.445756435394287109e-01,-1.920194178819656372e-01,-1.288083046674728394e-01,5.556161403656005859e-01,-5.095942616462707520e-01,4.755101725459098816e-02,-1.950620412826538086e-01,-6.434956192970275879e-02,3.131662905216217041e-01,-2.249169796705245972e-01,3.280576467514038086e-01,-3.827903270721435547e-01,1.022082686424255371e+00,3.831199109554290771e-01,-1.094936430454254150e-01,-1.147637441754341125e-01,-2.854909896850585938e-01,-3.312810063362121582e-01,3.431724011898040771e-01,1.063692927360534668e+00,-4.250770211219787598e-01,-1.595377363264560699e-02,9.192495048046112061e-02
2.287926524877548218e-01,-8.724530786275863647e-02,7.019737958908081055e-01,-7.430057972669601440e-02,3.023413568735122681e-02,9.963197112083435059e-01,-3.020573407411575317e-02,-4.774059653282165527e-01,-2.512403391301631927e-02,3.106654621660709381e-02,7.320880889892578125e-01,-5.705175399780273438e-01,8.975683152675628662e-02,-4.012783467769622803e-01,-1.987057775259017944e-01,-1.341623067855834961e-01,6.735855937004089355e-01,-5.656417608261108398e-01,2.291457355022430420e-02,-2.038535475730895996e-01,-5.302157625555992126e-02,3.385026752948760986e-01,-2.302097529172897339e-01,3.440597355365753174e-01,-4.068423509597778320e-01,9.949159026145935059e-01,3.916350007057189941e-01,-1.135464385151863098e-01,-1.078912615776062012e-01,-2.906220853328704834e-01,-3.449232578277587891e-01,3.670629858970642090e-01,1.042111873626708984e+00,-4.235309660434722900e-01,-2.718007378280162811e-02,7.539697736501693726e-02
2.294571995735168457e-01,-8.545171469449996948e-02,6.846961975097656250e-01,-7.139356434345245361e-02,2.490910887718200684e-02,9.965197443962097168e-01,-3.508336842060089111e-02,-5.549870729446411133e-01,-1.293225772678852081e-02,2.070013992488384247e-02,8.980975151062011719e-01,-6.199882030487060547e-01,7.756002992391586304e-02,-4.418582916259765625e-01,-2.015597969293594360e-01,-1.409302800893783569e-01,7.865091562271118164e-01,-6.216626763343811035e-01,-2.238417742773890495e-03,-2.113478779792785645e-01,-4.432614147663116455e-02,3.626358807086944580e-01,-2.489391416311264038e-01,3.554110229015350342e-01,-4.287928342819213867e-01,1.004356622695922852e+00,3.978275358676910400e-01,-1.185303479433059692e-01,-1.000799387693405151e-01,-3.210256099700927734e-01,-3.472602963447570801e-01,4.153979718685150146e-01,1.072952866554260254e+00,-4.459474384784698486e-01,-3.214885294437408447e-02,5.853076651692390442e-02
2.282361537218093872e-01,-8.339896053075790405e-02,6.675102114677429199e-01,-6.379937380552291870e-02,2.063242904841899872e-02,9.970712661743164062e-01,-3.678161278367042542e-02,-6.148371696472167969e-01,3.656051121652126312e-04,1.138297189027070999e-02,1.056701183319091797e+00,-6.532627344131469727e-01,5.330695584416389465e-02,-4.654567539691925049e-01,-2.030158042907714844e-01,-1.457395255565643311e-01,8.902670741081237793e-01,-6.737391948699951172e-01,-2.854485064744949341e-02,-2.146844714879989624e-01,-4.318424686789512634e-02,3.855756223201751709e-01,-2.824569940567016602e-01,3.587449193000793457e-01,-4.401510357856750488e-01,1.057300567626953125e+00,3.988760709762573242e-01,-1.234546229243278503e-01,-1.028843522071838379e-01,-3.772170543670654297e-01,-3.357933759689331055e-01,4.874677062034606934e-01,1.155986785888671875e+00,-5.122076272964477539e-01,-2.100538462400436401e-02,7.225222140550613403e-02
2.256264537572860718e-01,-8.114656805992126465e-02,6.520121693611145020e-01,-5.390477553009986877e-02,1.905668340623378754e-02,9.977579712867736816e-01,-3.478695452213287354e-02,-6.548513174057006836e-01,1.209643203765153885e-02,5.931827705353498459e-03,1.193891882896423340e+00,-6.743257045745849609e-01,2.414427138864994049e-02,-4.772897660732269287e-01,-2.050888538360595703e-01,-1.453823298215866089e-01,9.818044304847717285e-01,-7.196288108825683594e-01,-5.628371611237525940e-02,-2.121958136558532715e-01,-5.126115679740905762e-02,4.028396904468536377e-01,-3.261644244194030762e-01,3.584953248500823975e-01,-4.290644824504852295e-01,1.140121936798095703e+00,3.976446390151977539e-01,-1.281431019306182861e-01,-1.254798620939254761e-01,-4.430501759052276611e-01,-3.166300952434539795e-01,5.661073327064514160e-01,1.252040266990661621e+00,-6.129310131072998047e-01,-1.176899648271501064e-03,1.469951570034027100e-01
2.221656590700149536e-01,-7.877410203218460083e-02,6.399757266044616699e-01,-4.471329227089881897e-02,1.981992833316326141e-02,9.983398914337158203e-01,-3.042044118046760559e-02,-6.744557619094848633e-01,2.194528840482234955e-02,5.838614422827959061e-03,1.294705033302307129e+00,-6.932944655418395996e-01,5.929748294875025749e-04,-4.814198911190032959e-01,-2.074080556631088257e-01,-1.416607946157455444e-01,1.053458571434020996e+00,-7.576029896736145020e-01,-8.325635641813278198e-02,-2.060680687427520752e-01,-6.619103997945785522e-02,4.088184535503387451e-01,-3.708409368991851807e-01,3.698425889015197754e-01,-3.915305435657501221e-01,1.217497467994689941e+00,4.049119353294372559e-01,-1.351756304502487183e-01,-1.582517623901367188e-01,-4.964869916439056396e-01,-3.111222684383392334e-01,6.249070167541503906e-01,1.298431754112243652e+00,-6.923766732215881348e-01,-1.117379055358469486e-03,2.571860551834106445e-01
2.133534699678421021e-01,-7.449482381343841553e-02,6.356680393218994141e-01,-3.323274105787277222e-02,2.217950858175754547e-02,9.989026784896850586e-01,-2.443513832986354828e-02,-6.414738297462463379e-01,3.974517434835433960e-02,2.347882278263568878e-02,1.332948088645935059e+00,-7.379402518272399902e-01,-1.590943429619073868e-05,-4.474588930606842041e-01,-2.045056372880935669e-01,-1.457131505012512207e-01,1.072373390197753906e+00,-7.894065976142883301e-01,-1.138970032334327698e-01,-2.046386599540710449e-01,-9.426244348287582397e-02,3.753995597362518311e-01,-3.862068951129913330e-01,4.692174494266510010e-01,-3.014363646507263184e-01,1.152487993240356445e+00,4.493283033370971680e-01,-1.515388488769531250e-01,-1.535188406705856323e-01,-5.051808357238769531e-01,-4.368236064910888672e-01,6.091133356094360352e-01,1.045368075370788574e+00,-6.332401037216186523e-01,-5.672510340809822083e-02,3.999905586242675781e-01
2.061000466346740723e-01,-7.324235141277313232e-02,6.489931344985961914e-01,-2.812199108302593231e-02,2.206301689147949219e-02,9.990203976631164551e-01,-2.608881518244743347e-02,-5.711033940315246582e-01,4.582401737570762634e-02,3.886099532246589661e-02,1.243368744850158691e+00,-7.311027646064758301e-01,6.599133834242820740e-03,-3.797873854637145996e-01,-1.964319199323654175e-01,-1.614627391099929810e-01,9.771671891212463379e-01,-7.564274668693542480e-01,-1.025911867618560791e-01,-2.103014588356018066e-01,-9.661892056465148926e-02,3.330737352371215820e-01,-3.079787790775299072e-01,5.448194146156311035e-01,-2.839539349079132080e-01,9.441947340965270996e-01,4.467788934707641602e-01,-1.602145731449127197e-01,-6.664065271615982056e-02,-4.184153974056243896e-01,-5.434002280235290527e-01,5.533882975578308105e-01,7.450025081634521484e-01,-4.319627583026885986e-01,-7.902064174413681030e-02,2.780521214008331299e-01
1.957138180732727051e-01,-7.296356558799743652e-02,6.751583814620971680e-01,-2.503271959722042084e-02,2.329249866306781769e-02,9.990342259407043457e-01,-2.759472839534282684e-02,-4.641520082950592041e-01,4.562657698988914490e-02,5.724542960524559021e-02,1.065200924873352051e+00,-6.574360728263854980e-01,-1.033475250005722046e-02,-2.778108417987823486e-01,-1.847449690103530884e-01,-1.775382459163665771e-01,7.978831529617309570e-01,-6.583946943283081055e-01,-6.636364012956619263e-02,-2.130062878131866455e-01,-9.742958843708038330e-02,2.718662321567535400e-01,-1.897818297147750854e-01,6.203077435493469238e-01,-2.792062759399414062e-01,6.737179756164550781e-01,3.939197063446044922e-01,-1.797125190496444702e-01,6.699135899543762207e-02,-3.032277822494506836e-01,-6.022058725357055664e-01,5.137358903884887695e-01,4.610744416713714600e-01,-1.703027933835983276e-01,-1.102251335978507996e-01,3.420997783541679382e-02
1.827707439661026001e-01,-7.437448948621749878e-02,7.131478190422058105e-01,-2.450826019048690796e-02,2.982158027589321136e-02,9.989475607872009277e-01,-2.477550506591796875e-02,-3.253077566623687744e-01,2.797368913888931274e-02,7.461881637573242188e-02,7.990745306015014648e-01,-4.887346327304840088e-01,-4.985135048627853394e-02,-1.583851724863052368e-01,-1.783506870269775391e-01,-1.793141663074493408e-01,5.555352568626403809e-01,-4.776712656021118164e-01,1.058837748132646084e-03,-2.048075050115585327e-01,-1.038369163870811462e-01,1.960813105106353760e-01,-6.041014939546585083e-02,6.856536269187927246e-01,-2.807856798171997070e-01,4.125628173351287842e-01,3.128210604190826416e-01,-2.267981618642807007e-01,1.559204012155532837e-01,-1.912014633417129517e-01,-6.555532217025756836e-01,5.071808695793151855e-01,2.390110641717910767e-01,1.951041072607040405e-02,-1.893608272075653076e-01,-3.250491991639137268e-02
1.698155850172042847e-01,-7.767183333635330200e-02,7.589958310127258301e-01,-3.126717358827590942e-02,3.827863186597824097e-02,9.986691474914550781e-01,-1.473291497677564621e-02,-1.891869753599166870e-01,2.426225924864411354e-03,8.248341083526611328e-02,4.858515560626983643e-01,-2.324833422899246216e-01,-1.099876463413238525e-01,-7.364451885223388672e-02,-1.771368384361267090e-01,-1.577929109334945679e-01,3.222693204879760742e-01,-2.350781410932540894e-01,9.782645851373672485e-02,-1.795596331357955933e-01,-1.078809946775436401e-01,1.139293611049652100e-01,4.195006936788558960e-02,7.213388085365295410e-01,-2.967707812786102295e-01,2.342232614755630493e-01,2.478417307138442993e-01,-2.742387354373931885e-01,1.879914402961730957e-01,-9.660303592681884766e-02,-7.018550634384155273e-01,5.288304686546325684e-01,1.151158809661865234e-01,1.086281090974807739e-01,-2.466232776641845703e-01,-1.532897003926336765e-03
1.595835685729980469e-01,-8.212814480066299438e-02,8.101089000701904297e-01,-3.973235562443733215e-02,4.006028547883033752e-02,9.984028935432434082e-01,2.856334438547492027e-03,-8.262430131435394287e-02,-4.039754159748554230e-03,8.485361933708190918e-02,2.110847681760787964e-01,3.529743477702140808e-02,-1.580900847911834717e-01,-3.752672299742698669e-02,-1.690991967916488647e-01,-1.193194314837455750e-01,1.621860116720199585e-01,-5.209938623011112213e-03,1.667562574148178101e-01,-1.391517072916030884e-01,-1.014563664793968201e-01,3.764687106013298035e-02,1.382158547639846802e-01,7.229955196380615234e-01,-3.320728242397308350e-01,1.518762558698654175e-01,2.328240126371383667e-01,-3.054170012474060059e-01,1.912752389907836914e-01,-1.916190795600414276e-02,-7.593109607696533203e-01,5.725369453430175781e-01,7.368751615285873413e-02,1.738552898168563843e-01,-2.642595469951629639e-01,9.589248150587081909e-02
1.552690267562866211e-01,-8.630077540874481201e-02,8.622720241546630859e-01,-4.318781942129135132e-02,3.686215728521347046e-02,9.982986450195312500e-01,1.325876265764236450e-02,-4.351289570331573486e-02,1.099641318432986736e-03,6.837114691734313965e-02,9.301824122667312622e-02,2.454338222742080688e-01,-2.127175927162170410e-01,-3.413799405097961426e-02,-1.635283678770065308e-01,-1.056200265884399414e-01,1.069002971053123474e-01,1.691422462463378906e-01,2.495032548904418945e-01,-1.147144362330436707e-01,-8.416581898927688599e-02,1.834222301840782166e-02,2.029417008161544800e-01,6.945487260818481445e-01,-3.280178904533386230e-01,1.571308970451354980e-01,2.247404903173446655e-01,-2.981398105621337891e-01,1.576166450977325439e-01,6.531831622123718262e-02,-7.436891794204711914e-01,5.841277837753295898e-01,1.277932077646255493e-01,9.771794080734252930e-02,-2.677333652973175049e-01,1.321617662906646729e-01
1.566999107599258423e-01,-8.942317962646484375e-02,9.111405611038208008e-01,-4.446598887443542480e-02,3.374223411083221436e-02,9.982097148895263672e-01,2.148622460663318634e-02,-4.263923689723014832e-02,9.868130087852478027e-03,6.423526257276535034e-02,7.159444689750671387e-02,3.359038233757019043e-01,-2.212609946727752686e-01,-4.573649913072586060e-02,-1.685472875833511353e-01,-1.162926703691482544e-01,1.184402331709861755e-01,2.426436096429824829e-01,2.459974884986877441e-01,-1.006087511777877808e-01,-7.254941761493682861e-02,2.657319791615009308e-02,2.417576611042022705e-01,6.408179402351379395e-01,-3.176346719264984131e-01,2.498581707477569580e-01,2.306881099939346313e-01,-2.733322679996490479e-01,1.269992291927337646e-01,1.231282651424407959e-01,-6.988508701324462891e-01,5.834560394287109375e-01,2.656655609607696533e-01,1.901703886687755585e-02,-2.545410990715026855e-01,1.452575176954269409e-01
1.619282513856887817e-01,-9.058405458927154541e-02,9.523144364356994629e-01,-4.221606254577636719e-02,3.141718730330467224e-02,9.983275532722473145e-01,2.393365092575550079e-02,-6.574100255966186523e-02,1.349013112485408783e-02,6.321032345294952393e-02,1.295051872730255127e-01,3.396501541137695312e-01,-2.117525786161422729e-01,-6.205661222338676453e-02,-1.829982399940490723e-01,-1.452536582946777344e-01,1.838905960321426392e-01,2.402130067348480225e-01,1.942812055349349976e-01,-1.033570021390914917e-01,-7.087185978889465332e-02,6.570313870906829834e-02,2.289163619279861450e-01,5.694578886032104492e-01,-3.010855317115783691e-01,4.280049800872802734e-01,2.500246167182922363e-01,-2.426929622888565063e-01,1.219151914119720459e-01,1.335209161043167114e-01,-6.145176291465759277e-01,5.648503303527832031e-01,4.808076322078704834e-01,-7.084733247756958008e-02,-2.366716563701629639e-01,9.901256859302520752e-02
1.711505651473999023e-01,-8.907496184110641479e-02,1.006087899208068848e+00,-3.211847320199012756e-02,2.762406319379806519e-02,9.990202188491821289e-01,1.280238386243581772e-02,-9.878542274236679077e-02,9.751831181347370148e-03,6.237452477216720581e-02,2.623308598995208740e-01,2.696157693862915039e-01,-2.044892609119415283e-01,-6.820804625749588013e-02,-1.987807303667068481e-01,-1.940972208976745605e-01,3.070910573005676270e-01,1.733897328376770020e-01,1.198193281888961792e-01,-1.464274972677230835e-01,-8.168040961027145386e-02,1.487124860286712646e-01,1.361280083656311035e-01,4.440649449825286865e-01,-2.653213143348693848e-01,8.785262703895568848e-01,3.099450469017028809e-01,-1.903913766145706177e-01,1.598062068223953247e-01,8.788166940212249756e-02,-4.404288828372955322e-01,4.764636456966400146e-01,9.512962102890014648e-01,-2.254724353551864624e-01,-1.664406508207321167e-01,-3.612014278769493103e-02
1.716383546590805054e-01,-8.812830597162246704e-02,1.019512295722961426e+00,-3.067660704255104065e-02,2.652085945010185242e-02,9.991602897644042969e-01,5.852623376995325089e-03,-9.191789478063583374e-02,9.301414713263511658e-03,6.766649335622787476e-02,2.578753530979156494e-01,2.404022663831710815e-01,-2.044895887374877930e-01,-5.901424586772918701e-02,-1.904427260160446167e-01,-2.033424377441406250e-01,3.022319376468658447e-01,1.563246995210647583e-01,1.222648918628692627e-01,-1.707829982042312622e-01,-8.529564738273620605e-02,1.526561379432678223e-01,1.099160611629486084e-01,3.933567404747009277e-01,-2.456318736076354980e-01,1.078034877777099609e+00,3.242925405502319336e-01,-1.634597033262252808e-01,1.657661497592926025e-01,8.012886345386505127e-02,-3.951294720172882080e-01,4.223947525024414062e-01,1.130602955818176270e+00,-2.679741382598876953e-01,-1.206341758370399475e-01,-5.903005599975585938e-02
1.698054522275924683e-01,-8.765686303377151489e-02,1.025040864944458008e+00,-3.254454582929611206e-02,2.677609957754611969e-02,9.991096854209899902e-01,1.929341349750757217e-03,-7.715652883052825928e-02,9.351715445518493652e-03,7.818339020013809204e-02,2.150322794914245605e-01,2.195447981357574463e-01,-2.073247134685516357e-01,-5.011864751577377319e-02,-1.780333966016769409e-01,-2.045989781618118286e-01,2.577910423278808594e-01,1.574945896863937378e-01,1.443547308444976807e-01,-1.872979849576950073e-01,-8.817082643508911133e-02,1.361149698495864868e-01,9.397426992654800415e-02,3.467730283737182617e-01,-2.121440023183822632e-01,1.247866392135620117e+00,3.174659609794616699e-01,-1.446474045515060425e-01,1.623113155364990234e-01,8.750364929437637329e-02,-3.779114782810211182e-01,3.742695450782775879e-01,1.258027553558349609e+00,-2.914692759513854980e-01,-8.482588827610015869e-02,-5.471898987889289856e-02
1.664931923151016235e-01,-8.727273344993591309e-02,1.023130297660827637e+00,-3.581177070736885071e-02,2.841962315142154694e-02,9.989534616470336914e-01,1.328981947153806686e-03,-6.185728684067726135e-02,8.179161697626113892e-03,9.007093310356140137e-02,1.628059297800064087e-01,2.036067098379135132e-01,-2.131703346967697144e-01,-4.331059008836746216e-02,-1.651994585990905762e-01,-1.985865831375122070e-01,1.961449533700942993e-01,1.718604415655136108e-01,1.772544831037521362e-01,-1.937475204467773438e-01,-9.255566447973251343e-02,1.050240471959114075e-01,1.084486991167068481e-01,3.139551579952239990e-01,-1.639054864645004272e-01,1.348868012428283691e+00,2.963101565837860107e-01,-1.291722357273101807e-01,1.529473215341567993e-01,1.264032721519470215e-01,-3.869862258434295654e-01,3.402864038944244385e-01,1.314372062683105469e+00,-3.024594187736511230e-01,-6.445031613111495972e-02,-2.924129925668239594e-02
1.631853133440017700e-01,-8.668064326047897339e-02,1.014274835586547852e+00,-3.936241567134857178e-02,3.073222376406192780e-02,9.987484812736511230e-01,2.762735355645418167e-03,-4.940624535083770752e-02,7.105905562639236450e-03,9.813790023326873779e-02,1.142270490527153015e-01,1.982117891311645508e-01,-2.180724591016769409e-01,-3.990786150097846985e-02,-1.532736569643020630e-01,-1.841478496789932251e-01,1.350127756595611572e-01,1.984410285949707031e-01,2.137278616428375244e-01,-1.939142048358917236e-01,-9.810963273048400879e-02,7.315162569284439087e-02,1.315549910068511963e-01,2.937374711036682129e-01,-1.124657690525054932e-01,1.401115775108337402e+00,2.761753797531127930e-01,-1.236899569630622864e-01,1.430282145738601685e-01,1.789710670709609985e-01,-4.140581190586090088e-01,3.188473880290985107e-01,1.316304445266723633e+00,-3.229640424251556396e-01,-6.195266917347908020e-02,1.384991221129894257e-02
1.606545150279998779e-01,-8.568587154150009155e-02,9.984756112098693848e-01,-4.315765574574470520e-02,3.250215202569961548e-02,9.985254406929016113e-01,5.286432337015867233e-03,-4.072577133774757385e-02,9.638457559049129486e-03,1.013760417699813843e-01,7.351762056350708008e-02,2.094971239566802979e-01,-2.167865931987762451e-01,-3.928501158952713013e-02,-1.415552049875259399e-01,-1.640640944242477417e-01,8.427917212247848511e-02,2.352451235055923462e-01,2.451119869947433472e-01,-1.914214789867401123e-01,-1.023360565304756165e-01,4.526145011186599731e-02,1.648348867893218994e-01,2.866066694259643555e-01,-6.690125912427902222e-02,1.401664018630981445e+00,2.751859128475189209e-01,-1.246208846569061279e-01,1.258683651685714722e-01,2.460810691118240356e-01,-4.647925198078155518e-01,2.974933385848999023e-01,1.256662964820861816e+00,-3.659773766994476318e-01,-7.293941080570220947e-02,8.221563696861267090e-02
1.589119583368301392e-01,-8.408418297767639160e-02,9.752749204635620117e-01,-4.467478021979331970e-02,3.272204473614692688e-02,9.984343051910400391e-01,7.896660827100276947e-03,-3.370711579918861389e-02,1.774890348315238953e-02,9.941152483224868774e-02,5.229574069380760193e-02,2.324722409248352051e-01,-2.084088027477264404e-01,-3.737775236368179321e-02,-1.300201863050460815e-01,-1.480702161788940430e-01,5.971509963274002075e-02,2.689970731735229492e-01,2.617990672588348389e-01,-1.874396353960037231e-01,-1.045169085264205933e-01,2.453702315688133240e-02,2.108843028545379639e-01,2.904722392559051514e-01,-3.574585542082786560e-02,1.358380317687988281e+00,2.998058497905731201e-01,-1.289060711860656738e-01,1.036258339881896973e-01,3.219630122184753418e-01,-5.276400446891784668e-01,2.649452388286590576e-01,1.164067983627319336e+00,-4.166240394115447998e-01,-9.554897993803024292e-02,1.520120650529861450e-01
1.585471630096435547e-01,-8.263592422008514404e-02,9.443840980529785156e-01,-4.664034396409988403e-02,3.188835456967353821e-02,9.983448982238769531e-01,1.073431596159934998e-02,-3.063032031059265137e-02,2.771245688199996948e-02,9.148964285850524902e-02,4.276955500245094299e-02,2.632955610752105713e-01,-1.954033523797988892e-01,-3.725935146212577820e-02,-1.234238594770431519e-01,-1.416221857070922852e-01,5.613005906343460083e-02,2.939128875732421875e-01,2.617999911308288574e-01,-1.842731386423110962e-01,-1.019431129097938538e-01,8.621474727988243103e-03,2.676171660423278809e-01,3.063235878944396973e-01,-1.388831343501806259e-02,1.273886680603027344e+00,3.405717015266418457e-01,-1.340297311544418335e-01,7.212882488965988159e-02,4.138103425502777100e-01,-6.065391302108764648e-01,1.987103670835494995e-01,1.033256530761718750e+00,-4.459427893161773682e-01,-1.196618229150772095e-01,2.273367494344711304e-01
1.596391052007675171e-01,-8.158200979232788086e-02,9.054722785949707031e-01,-4.854157567024230957e-02,3.105219081044197083e-02,9.982533454895019531e-01,1.302769221365451813e-02,-3.293706849217414856e-02,3.420313447713851929e-02,7.356655597686767578e-02,5.490025505423545837e-02,2.605259418487548828e-01,-1.768979430198669434e-01,-3.858835995197296143e-02,-1.246547996997833252e-01,-1.420882940292358398e-01,7.762167602777481079e-02,2.750895619392395020e-01,2.453988939523696899e-01,-1.823485791683197021e-01,-9.772180020809173584e-02,4.015128361061215401e-04,3.336407244205474854e-01,3.354819118976593018e-01,-1.567472587339580059e-03,1.154098153114318848e+00,3.708689212799072266e-01,-1.421431601047515869e-01,3.944101929664611816e-02,5.195183157920837402e-01,-6.789712309837341309e-01,9.503182023763656616e-02,8.932815790176391602e-01,-4.186719357967376709e-01,-1.339244395494461060e-01,2.841387391090393066e-01
1.624330133199691772e-01,-8.023916184902191162e-02,8.597663044929504395e-01,-4.992683231830596924e-02,3.024359047412872314e-02,9.982020854949951172e-01,1.360917743295431137e-02,-4.543926939368247986e-02,3.716537356376647949e-02,4.605535790324211121e-02,1.036852747201919556e-01,1.700735986232757568e-01,-1.475679576396942139e-01,-4.254245012998580933e-02,-1.293343752622604370e-01,-1.416912376880645752e-01,1.269903033971786499e-01,1.705225110054016113e-01,2.128300666809082031e-01,-1.811618804931640625e-01,-9.537831693887710571e-02,5.382196977734565735e-03,3.968366086483001709e-01,3.793365955352783203e-01,2.930342685431241989e-03,1.016785383224487305e+00,3.703877329826354980e-01,-1.528288722038269043e-01,1.379539258778095245e-02,6.237949728965759277e-01,-7.192741036415100098e-01,-3.367992863059043884e-02,7.763182520866394043e-01,-3.349343836307525635e-01,-1.324537694454193115e-01,3.018565475940704346e-01
1.715018302202224731e-01,-7.688008993864059448e-02,7.675239443778991699e-01,-4.305555298924446106e-02,2.813324332237243652e-02,9.986287355422973633e-01,9.767059236764907837e-03,-1.077005788683891296e-01,4.261921346187591553e-02,1.649397425353527069e-02,3.309868872165679932e-01,-2.574866712093353271e-01,-4.741212353110313416e-02,-5.621971562504768372e-02,-1.381759494543075562e-01,-1.351823955774307251e-01,2.965293228626251221e-01,-2.638183832168579102e-01,1.118052750825881958e-01,-1.896616220474243164e-01,-1.061169058084487915e-01,4.862635955214500427e-02,4.353716671466827393e-01,4.608126580715179443e-01,-2.057239785790443420e-02,8.851788640022277832e-01,3.176181018352508545e-01,-1.610692441463470459e-01,2.358458936214447021e-02,6.737900972366333008e-01,-6.741809844970703125e-01,-1.993588358163833618e-01,7.729217410087585449e-01,-1.247980818152427673e-01,-1.222966313362121582e-01,1.343460232019424438e-01
1.771203577518463135e-01,-7.476614415645599365e-02,7.327601909637451172e-01,-3.447665646672248840e-02,2.701426669955253601e-02,9.990259408950805664e-01,5.365877412259578705e-03,-1.557586342096328735e-01,5.090094357728958130e-02,1.949802041053771973e-02,4.829993247985839844e-01,-4.763539135456085205e-01,-2.144593745470046997e-02,-7.320238649845123291e-02,-1.434432566165924072e-01,-1.456199735403060913e-01,4.037566483020782471e-01,-4.667824804782867432e-01,1.054763868451118469e-01,-1.948442012071609497e-01,-1.267206817865371704e-01,9.629439562559127808e-02,3.382555544376373291e-01,4.588496387004852295e-01,-2.740949206054210663e-02,9.881905317306518555e-01,3.305968344211578369e-01,-1.349553465843200684e-01,4.795898124575614929e-02,5.443536043167114258e-01,-5.765111446380615234e-01,-2.382544875144958496e-01,9.194267392158508301e-01,-9.034504741430282593e-02,-9.371382743120193481e-02,-3.639067336916923523e-02
1.823951601982116699e-01,-7.313425838947296143e-02,7.141444683074951172e-01,-2.416321262717247009e-02,2.487818710505962372e-02,9.993964433670043945e-01,1.987553434446454048e-03,-1.866057962179183960e-01,6.371103972196578979e-02,2.689714543521404266e-02,5.869932174682617188e-01,-5.829386711120605469e-01,5.259910598397254944e-03,-8.283559978008270264e-02,-1.463976502418518066e-01,-1.663996726274490356e-01,4.798080027103424072e-01,-5.644786953926086426e-01,8.411011099815368652e-02,-2.114402204751968384e-01,-1.464252322912216187e-01,1.339164823293685913e-01,2.011429071426391602e-01,4.312420487403869629e-01,-2.807997539639472961e-02,1.181813120841979980e+00,3.369470834732055664e-01,-8.698587864637374878e-02,6.900654733180999756e-02,3.561629951000213623e-01,-4.793826043605804443e-01,-2.802499532699584961e-01,1.110705971717834473e+00,1.541801355779170990e-02,-5.543559417128562927e-02,-1.913895756006240845e-01
1.857021301984786987e-01,-7.181116938591003418e-02,7.106587886810302734e-01,-1.674003340303897858e-02,2.364560030400753021e-02,9.995802044868469238e-01,-1.898684276966378093e-04,-1.884923726320266724e-01,7.185502350330352783e-02,3.250319510698318481e-02,6.122217774391174316e-01,-5.945169925689697266e-01,1.638231053948402405e-02,-7.857025414705276489e-02,-1.485897004604339600e-01,-1.896250694990158081e-01,5.027558207511901855e-01,-5.709079504013061523e-01,6.946437060832977295e-02,-2.374622970819473267e-01,-1.622443348169326782e-01,1.374480277299880981e-01,7.932747900485992432e-02,3.892548680305480957e-01,-5.948991514742374420e-03,1.370082736015319824e+00,3.357978463172912598e-01,-3.110581822693347931e-02,5.695942416787147522e-02,1.830248087644577026e-01,-3.834934234619140625e-01,-3.394237458705902100e-01,1.266094326972961426e+00,1.546507775783538818e-01,-2.616272680461406708e-02,-2.867762148380279541e-01
1.874640285968780518e-01,-7.069537043571472168e-02,7.175486087799072266e-01,-1.433251891285181046e-02,2.394367754459381104e-02,9.996100068092346191e-01,-1.041147275827825069e-03,-1.655215620994567871e-01,7.265376299619674683e-02,3.522192314267158508e-02,5.646991729736328125e-01,-5.502784252166748047e-01,1.068592257797718048e-02,-6.433608382940292358e-02,-1.488652527332305908e-01,-2.057534605264663696e-01,4.754461944103240967e-01,-5.243117213249206543e-01,6.791964918375015259e-02,-2.629158794879913330e-01,-1.725388467311859131e-01,1.208462640643119812e-01,-3.675748780369758606e-02,3.456820249557495117e-01,1.083644386380910873e-02,1.501675128936767578e+00,3.285802900791168213e-01,-1.925814314745366573e-03,2.616611868143081665e-02,3.663469851016998291e-02,-2.836003005504608154e-01,-3.623704612255096436e-01,1.364820957183837891e+00,2.883190512657165527e-01,-3.093385882675647736e-02,-2.958748042583465576e-01
1.877108216285705566e-01,-7.054259628057479858e-02,7.288933992385864258e-01,-1.776791736483573914e-02,2.666598930954933167e-02,9.994863271713256836e-01,5.756621249020099640e-04,-1.228067278861999512e-01,6.506662070751190186e-02,3.667880967259407043e-02,4.564884901046752930e-01,-4.752659797668457031e-01,-8.347763679921627045e-03,-4.531304910778999329e-02,-1.482228785753250122e-01,-2.058218121528625488e-01,4.077527523040771484e-01,-4.526962935924530029e-01,8.242081105709075928e-02,-2.786834836006164551e-01,-1.768358498811721802e-01,8.562570065259933472e-02,-1.246792674064636230e-01,2.981654405593872070e-01,-1.360970176756381989e-02,1.526497721672058105e+00,3.187010586261749268e-01,-1.171979680657386780e-02,-1.996763050556182861e-02,-6.266672164201736450e-02,-1.781007647514343262e-01,-2.920833528041839600e-01,1.386773586273193359e+00,3.298854231834411621e-01,-4.748877510428428650e-02,-1.974604278802871704e-01
1.870941221714019775e-01,-7.211989164352416992e-02,7.409484386444091797e-01,-2.377524413168430328e-02,3.034804761409759521e-02,9.992453455924987793e-01,4.737920593470335007e-03,-7.261080294847488403e-02,5.278690531849861145e-02,3.756293281912803650e-02,3.268099725246429443e-01,-3.935077190399169922e-01,-3.619653731584548950e-02,-3.073102049529552460e-02,-1.466134488582611084e-01,-1.911978572607040405e-01,3.328029513359069824e-01,-3.864940404891967773e-01,1.076807305216789246e-01,-2.801937162876129150e-01,-1.754399389028549194e-01,4.209668189287185669e-02,-1.779655367136001587e-01,2.577602863311767578e-01,-8.135496079921722412e-02,1.446190237998962402e+00,3.559571802616119385e-01,-6.506355851888656616e-02,-6.468598544597625732e-02,-1.065436005592346191e-01,-1.019536480307579041e-01,-1.134561598300933838e-01,1.328670501708984375e+00,1.296425163745880127e-01,-6.718418747186660767e-02,-2.447885274887084961e-02
1.865835636854171753e-01,-7.527115195989608765e-02,7.510366439819335938e-01,-3.038621507585048676e-02,3.288783878087997437e-02,9.989382624626159668e-01,1.083455979824066162e-02,-2.768059447407722473e-02,4.174549877643585205e-02,3.677471727132797241e-02,2.084613144397735596e-01,-3.192213475704193115e-01,-6.614009290933609009e-02,-2.180467732250690460e-02,-1.445033550262451172e-01,-1.716652959585189819e-01,2.687420248985290527e-01,-3.357297182083129883e-01,1.338935047388076782e-01,-2.746436893939971924e-01,-1.657249331474304199e-01,5.043325480073690414e-03,-2.075146734714508057e-01,2.404742240905761719e-01,-1.649932414293289185e-01,1.289608836174011230e+00,4.335910677909851074e-01,-1.244902089238166809e-01,-7.526676356792449951e-02,-1.173591390252113342e-01,-1.058278903365135193e-01,9.837570041418075562e-02,1.180843353271484375e+00,-2.759198546409606934e-01,-1.014692708849906921e-01,9.950737655162811279e-02
1.869479119777679443e-01,-7.916395366191864014e-02,7.573922872543334961e-01,-3.663826361298561096e-02,3.309882059693336487e-02,9.986409544944763184e-01,1.668388396501541138e-02,-2.175454515963792801e-03,3.602752462029457092e-02,3.393900394439697266e-02,1.316024512052536011e-01,-2.736711204051971436e-01,-8.914148807525634766e-02,-1.827503927052021027e-02,-1.412487477064132690e-01,-1.590875089168548584e-01,2.227476835250854492e-01,-3.081063330173492432e-01,1.520163863897323608e-01,-2.653183341026306152e-01,-1.497523039579391479e-01,-2.382927015423774719e-02,-2.377952039241790771e-01,2.445375174283981323e-01,-2.562157213687896729e-01,1.116618394851684570e+00,4.925964474678039551e-01,-1.557901799678802490e-01,-4.094400629401206970e-02,-1.341781616210937500e-01,-1.575741767883300781e-01,2.391017526388168335e-01,9.992207288742065430e-01,-4.865395426750183105e-01,-1.164695397019386292e-01,1.172135472297668457e-01
1.922323852777481079e-01,-8.615098148584365845e-02,7.573767900466918945e-01,-4.280966520309448242e-02,3.220818936824798584e-02,9.982869029045104980e-01,2.352043241262435913e-02,2.519848011434078217e-02,2.828861027956008911e-02,3.605250269174575806e-02,4.076531901955604553e-02,-2.567177414894104004e-01,-8.997016400098800659e-02,-9.035243652760982513e-03,-1.397088915109634399e-01,-1.683961004018783569e-01,1.594081819057464600e-01,-3.109854459762573242e-01,1.558620333671569824e-01,-2.519239783287048340e-01,-1.169719845056533813e-01,-4.685883969068527222e-02,-3.376583158969879150e-01,2.830703854560852051e-01,-3.886850178241729736e-01,8.096023201942443848e-01,5.091358423233032227e-01,-1.828376352787017822e-01,1.643206551671028137e-02,-1.818792670965194702e-01,-2.547517716884613037e-01,3.050206899642944336e-01,7.247934341430664062e-01,-3.623860180377960205e-01,-1.380575597286224365e-01,1.118804439902305603e-01
1.965261399745941162e-01,-8.881831169128417969e-02,7.526808381080627441e-01,-4.190652817487716675e-02,3.242822736501693726e-02,9.982908964157104492e-01,2.464750967919826508e-02,3.193198144435882568e-02,2.370017021894454956e-02,4.307023063302040100e-02,2.089348994195461273e-02,-2.734228968620300293e-01,-7.575511932373046875e-02,-1.151937409304082394e-03,-1.421780437231063843e-01,-1.822832971811294556e-01,1.377034932374954224e-01,-3.293266892433166504e-01,1.470184624195098877e-01,-2.491062432527542114e-01,-1.057289242744445801e-01,-4.209158942103385925e-02,-4.053015708923339844e-01,3.015624582767486572e-01,-4.326482415199279785e-01,6.985602974891662598e-01,4.756576120853424072e-01,-1.995810866355895996e-01,2.673887088894844055e-02,-2.185462117195129395e-01,-2.779866158962249756e-01,2.904622256755828857e-01,6.691700220108032227e-01,-1.797647029161453247e-01,-1.519796401262283325e-01,8.861673623323440552e-02
2.006053030490875244e-01,-9.123175591230392456e-02,7.475954890251159668e-01,-3.957385197281837463e-02,3.320938721299171448e-02,9.983408451080322266e-01,2.542923390865325928e-02,3.513675183057785034e-02,1.840636506676673889e-02,5.081714317202568054e-02,1.394095271825790405e-02,-2.910378575325012207e-01,-6.123193725943565369e-02,6.518270354717969894e-03,-1.465183347463607788e-01,-1.930009424686431885e-01,1.226161345839500427e-01,-3.464335799217224121e-01,1.374947428703308105e-01,-2.517920136451721191e-01,-9.648948162794113159e-02,-3.884265199303627014e-02,-4.628152549266815186e-01,3.146623075008392334e-01,-4.657072126865386963e-01,6.240295171737670898e-01,4.485960304737091064e-01,-2.181165516376495361e-01,3.205047547817230225e-02,-2.618167102336883545e-01,-2.984050214290618896e-01,2.817676365375518799e-01,6.655416488647460938e-01,-7.970426231622695923e-02,-1.593241542577743530e-01,5.736878886818885803e-02
2.048679143190383911e-01,-9.398826211690902710e-02,7.444956898689270020e-01,-3.783952817320823669e-02,3.533713892102241516e-02,9.982969760894775391e-01,2.688023634254932404e-02,3.878642618656158447e-02,1.001894753426313400e-02,5.667827650904655457e-02,5.693401210010051727e-03,-3.004212379455566406e-01,-4.366381838917732239e-02,7.227912545204162598e-03,-1.552922576665878296e-01,-1.999020278453826904e-01,1.140635535120964050e-01,-3.564545810222625732e-01,1.345063149929046631e-01,-2.545892894268035889e-01,-9.023519605398178101e-02,-2.035382390022277832e-02,-5.400472283363342285e-01,3.524386286735534668e-01,-5.064894556999206543e-01,5.795938372611999512e-01,3.806605935096740723e-01,-2.255353033542633057e-01,3.098876774311065674e-02,-3.401106297969818115e-01,-3.549794852733612061e-01,3.046078383922576904e-01,7.066372036933898926e-01,-3.822731226682662964e-02,-1.570650488138198853e-01,1.435374747961759567e-02
2.073939591646194458e-01,-9.661725908517837524e-02,7.436051964759826660e-01,-3.375653550028800964e-02,3.611809015274047852e-02,9.983322620391845703e-01,2.981049567461013794e-02,4.186420142650604248e-02,5.290925037115812302e-03,6.195342913269996643e-02,1.029715221375226974e-02,-3.032158315181732178e-01,-3.685937076807022095e-02,9.501440450549125671e-03,-1.601570993661880493e-01,-1.930094808340072632e-01,1.153363808989524841e-01,-3.578018546104431152e-01,1.312924772500991821e-01,-2.544243633747100830e-01,-8.165039867162704468e-02,-7.460658904165029526e-03,-5.861394405364990234e-01,3.714446425437927246e-01,-5.309561491012573242e-01,5.636783242225646973e-01,3.717526495456695557e-01,-2.264170199632644653e-01,2.631902694702148438e-02,-4.106748104095458984e-01,-3.995530605316162109e-01,3.397125303745269775e-01,7.909481525421142578e-01,-1.442854404449462891e-01,-1.279977411031723022e-01,-2.627801150083541870e-02
2.091194540262222290e-01,-9.913860261440277100e-02,7.441887259483337402e-01,-2.979511208832263947e-02,3.543591126799583435e-02,9.983354210853576660e-01,3.439445793628692627e-02,4.372780025005340576e-02,4.565368406474590302e-03,6.782835721969604492e-02,1.918919757008552551e-02,-3.026030063629150391e-01,-3.394053503870964050e-02,1.027803774923086166e-02,-1.607104539871215820e-01,-1.794644147157669067e-01,1.178807467222213745e-01,-3.533782064914703369e-01,1.307448595762252808e-01,-2.513966858386993408e-01,-6.831593066453933716e-02,8.389373309910297394e-03,-6.180666089057922363e-01,3.790888190269470215e-01,-5.430609583854675293e-01,5.753923058509826660e-01,3.859088122844696045e-01,-2.209705114364624023e-01,1.933382637798786163e-02,-4.833053052425384521e-01,-4.205109179019927979e-01,3.825193047523498535e-01,9.107243418693542480e-01,-2.999026775360107422e-01,-8.250311762094497681e-02,-5.341469869017601013e-02
2.100228369235992432e-01,-1.013322621583938599e-01,7.451005578041076660e-01,-2.672404423356056213e-02,3.445077314972877502e-02,9.982972741127014160e-01,3.874928131699562073e-02,4.520773142576217651e-02,4.946657922118902206e-03,7.399792969226837158e-02,2.826483920216560364e-02,-3.032534122467041016e-01,-3.284120932221412659e-02,1.413103844970464706e-02,-1.596652120351791382e-01,-1.682297736406326294e-01,1.135883107781410217e-01,-3.469087779521942139e-01,1.324703842401504517e-01,-2.459216117858886719e-01,-5.688780546188354492e-02,1.376612577587366104e-02,-6.204881072044372559e-01,3.776655495166778564e-01,-5.536135435104370117e-01,6.022952198982238770e-01,4.011969566345214844e-01,-2.154842466115951538e-01,1.364231295883655548e-02,-5.146704316139221191e-01,-4.244640171527862549e-01,4.122700095176696777e-01,1.019021272659301758e+00,-3.917800188064575195e-01,-4.493197426199913025e-02,-4.654981940984725952e-02
2.106478810310363770e-01,-1.031126305460929871e-01,7.453983426094055176e-01,-2.478639222681522369e-02,3.389462828636169434e-02,9.982410073280334473e-01,4.185266420245170593e-02,4.654359817504882812e-02,4.498012829571962357e-03,7.913609594106674194e-02,3.465340286493301392e-02,-3.058491647243499756e-01,-3.203396871685981750e-02,2.076016180217266083e-02,-1.595469415187835693e-01,-1.628140211105346680e-01,1.032201722264289856e-01,-3.406630754470825195e-01,1.367198675870895386e-01,-2.398042082786560059e-01,-4.887131974101066589e-02,1.367592625319957733e-02,-6.015586256980895996e-01,3.719170093536376953e-01,-5.615716576576232910e-01,6.304272413253784180e-01,4.000174999237060547e-01,-2.094412744045257568e-01,2.464097458869218826e-03,-5.093232393264770508e-01,-4.201176762580871582e-01,4.175161123275756836e-01,1.101644754409790039e+00,-4.056469500064849854e-01,-2.208013273775577545e-02,-2.071917615830898285e-02
2.116355299949645996e-01,-1.046115532517433167e-01,7.452311515808105469e-01,-2.366892993450164795e-02,3.321040421724319458e-02,9.982137084007263184e-01,4.366021603345870972e-02,4.780658334493637085e-02,4.316865466535091400e-03,8.281759172677993774e-02,3.613312914967536926e-02,-3.085034787654876709e-01,-3.160023689270019531e-02,2.799966745078563690e-02,-1.588280946016311646e-01,-1.618132591247558594e-01,8.845705538988113403e-02,-3.344870209693908691e-01,1.415332704782485962e-01,-2.347892522811889648e-01,-4.291869699954986572e-02,1.797048933804035187e-02,-5.764421224594116211e-01,3.646918535232543945e-01,-5.625969767570495605e-01,6.588151454925537109e-01,3.803856074810028076e-01,-2.084741890430450439e-01,-5.735925864428281784e-03,-4.976811707019805908e-01,-4.122125208377838135e-01,4.017130434513092041e-01,1.175554871559143066e+00,-3.810158967971801758e-01,-1.308556925505399704e-02,1.524519058875739574e-03
2.126590758562088013e-01,-1.058495193719863892e-01,7.448288798332214355e-01,-2.267389185726642609e-02,3.261336311697959900e-02,9.982358217239379883e-01,4.413111135363578796e-02,4.992216825485229492e-02,3.920948598533868790e-03,8.459410071372985840e-02,3.432345017790794373e-02,-3.101310133934020996e-01,-3.141813352704048157e-02,3.509814292192459106e-02,-1.582767665386199951e-01,-1.639807373285293579e-01,7.475388050079345703e-02,-3.296623826026916504e-01,1.450351774692535400e-01,-2.319786250591278076e-01,-4.017798230051994324e-02,2.607482112944126129e-02,-5.430764555931091309e-01,3.590381741523742676e-01,-5.579166412353515625e-01,6.863757371902465820e-01,3.478859364986419678e-01,-2.101146727800369263e-01,-1.297420170158147812e-02,-4.797155559062957764e-01,-4.055237174034118652e-01,3.782145678997039795e-01,1.237264513969421387e+00,-3.536465764045715332e-01,-1.305735390633344650e-02,8.394461125135421753e-03
2.140168845653533936e-01,-1.077275946736335754e-01,7.441611289978027344e-01,-2.177327498793601990e-02,3.204821795225143433e-02,9.982845783233642578e-01,4.389476403594017029e-02,5.417045950889587402e-02,2.566086826846003532e-03,8.461820334196090698e-02,2.599274739623069763e-02,-3.058149516582489014e-01,-3.123254887759685516e-02,4.044372215867042542e-02,-1.586477160453796387e-01,-1.675531119108200073e-01,6.313973665237426758e-02,-3.229009807109832764e-01,1.462759673595428467e-01,-2.310340851545333862e-01,-4.148996248841285706e-02,4.538965597748756409e-02,-4.483549296855926514e-01,3.476197719573974609e-01,-5.282763242721557617e-01,7.517310380935668945e-01,2.536018192768096924e-01,-2.014403343200683594e-01,-4.583230614662170410e-02,-4.275339245796203613e-01,-3.868146240711212158e-01,3.424827158451080322e-01,1.332274436950683594e+00,-3.679278194904327393e-01,-1.025585364550352097e-02,5.684462375938892365e-04
2.144026756286621094e-01,-1.082653179764747620e-01,7.442464232444763184e-01,-2.178907766938209534e-02,3.207435831427574158e-02,9.982769489288330078e-01,4.404143616557121277e-02,5.735271796584129333e-02,1.595046371221542358e-03,8.368770033121109009e-02,1.824309676885604858e-02,-3.006572127342224121e-01,-3.015503473579883575e-02,3.896448761224746704e-02,-1.590857356786727905e-01,-1.668190956115722656e-01,6.369311362504959106e-02,-3.208378851413726807e-01,1.444953829050064087e-01,-2.313623130321502686e-01,-4.445629939436912537e-02,5.471529066562652588e-02,-3.923562765121459961e-01,3.404172658920288086e-01,-5.009568929672241211e-01,7.943200469017028809e-01,1.955113261938095093e-01,-1.850135773420333862e-01,-7.548815757036209106e-02,-3.933459818363189697e-01,-3.691579103469848633e-01,3.245433866977691650e-01,1.368752360343933105e+00,-3.941577970981597900e-01,1.843272708356380463e-03,6.466870661824941635e-03
2.144132554531097412e-01,-1.085880622267723083e-01,7.444252967834472656e-01,-2.187518216669559479e-02,3.249337151646614075e-02,9.982408881187438965e-01,4.450613632798194885e-02,5.947236716747283936e-02,1.994336780626326799e-04,8.350274711847305298e-02,1.396322995424270630e-02,-2.984091341495513916e-01,-2.918716706335544586e-02,3.696096688508987427e-02,-1.599423438310623169e-01,-1.653857529163360596e-01,6.584352999925613403e-02,-3.201343119144439697e-01,1.436524540185928345e-01,-2.294438034296035767e-01,-4.887089133262634277e-02,6.076979264616966248e-02,-3.310084342956542969e-01,3.289811313152313232e-01,-4.709163308143615723e-01,8.430786728858947754e-01,1.565409451723098755e-01,-1.667881160974502563e-01,-9.516128897666931152e-02,-3.468829691410064697e-01,-3.476869463920593262e-01,3.015865087509155273e-01,1.393425345420837402e+00,-4.043547511100769043e-01,1.890374161303043365e-02,2.395033091306686401e-02
2.142703533172607422e-01,-1.088912039995193481e-01,7.446484565734863281e-01,-2.222845330834388733e-02,3.310342505574226379e-02,9.981903433799743652e-01,4.501195624470710754e-02,6.122473627328872681e-02,-1.664041541516780853e-03,8.336807787418365479e-02,9.653408080339431763e-03,-2.976038753986358643e-01,-2.770159393548965454e-02,3.518982231616973877e-02,-1.604049801826477051e-01,-1.637478470802307129e-01,6.604880094528198242e-02,-3.191694021224975586e-01,1.435840874910354614e-01,-2.259483337402343750e-01,-5.377349629998207092e-02,6.435690075159072876e-02,-2.729583978652954102e-01,3.165369331836700439e-01,-4.409496486186981201e-01,9.009910821914672852e-01,1.464611291885375977e-01,-1.506193429231643677e-01,-1.082607284188270569e-01,-2.956503927707672119e-01,-3.236572146415710449e-01,2.750508189201354980e-01,1.413684964179992676e+00,-3.975768685340881348e-01,3.444847092032432556e-02,5.071467906236648560e-02
2.140278518199920654e-01,-1.089828312397003174e-01,7.447658181190490723e-01,-2.290130406618118286e-02,3.353075683116912842e-02,9.981466531753540039e-01,4.532634466886520386e-02,6.249871477484703064e-02,-2.880633808672428131e-03,8.332959562540054321e-02,5.109304562211036682e-03,-2.965517342090606689e-01,-2.673613466322422028e-02,3.384202718734741211e-02,-1.603893935680389404e-01,-1.631297171115875244e-01,6.479953974485397339e-02,-3.189046680927276611e-01,1.435297578573226929e-01,-2.220108956098556519e-01,-5.790484324097633362e-02,6.578915566205978394e-02,-2.195127457380294800e-01,3.064967691898345947e-01,-4.147773087024688721e-01,9.669573903083801270e-01,1.667853295803070068e-01,-1.384191662073135376e-01,-1.147338226437568665e-01,-2.434814423322677612e-01,-2.990853190422058105e-01,2.524532675743103027e-01,1.434339523315429688e+00,-3.852451145648956299e-01,4.448606446385383606e-02,7.902373373508453369e-02
2.136700451374053955e-01,-1.090359687805175781e-01,7.447773218154907227e-01,-2.385715954005718231e-02,3.381914272904396057e-02,9.981208443641662598e-01,4.518770799040794373e-02,6.331147998571395874e-02,-3.812924260273575783e-03,8.294283598661422729e-02,-7.582466787425801158e-05,-2.949231863021850586e-01,-2.644997090101242065e-02,3.252665698528289795e-02,-1.599420160055160522e-01,-1.633010059595108032e-01,6.256644427776336670e-02,-3.182374536991119385e-01,1.434138864278793335e-01,-2.190096825361251831e-01,-6.151094287633895874e-02,6.514769047498703003e-02,-1.722674369812011719e-01,2.958942353725433350e-01,-3.896068036556243896e-01,1.044790148735046387e+00,2.078822553157806396e-01,-1.301722079515457153e-01,-1.133598089218139648e-01,-1.949834674596786499e-01,-2.735570669174194336e-01,2.375842630863189697e-01,1.458520174026489258e+00,-3.819408714771270752e-01,5.085653066635131836e-02,1.015198156237602234e-01
2.131861597299575806e-01,-1.090239807963371277e-01,7.447565197944641113e-01,-2.473923936486244202e-02,3.388115018606185913e-02,9.981324076652526855e-01,4.440461471676826477e-02,6.419465690851211548e-02,-4.323023371398448944e-03,8.160770684480667114e-02,-5.266983527690172195e-03,-2.930013835430145264e-01,-2.648701518774032593e-02,3.167929127812385559e-02,-1.590464562177658081e-01,-1.642745733261108398e-01,6.046878919005393982e-02,-3.176466226577758789e-01,1.422343701124191284e-01,-2.180913835763931274e-01,-6.464963406324386597e-02,6.370418518781661987e-02,-1.315889209508895874e-01,2.832827270030975342e-01,-3.605728447437286377e-01,1.133586883544921875e+00,2.519083023071289062e-01,-1.162048503756523132e-01,-1.091637015342712402e-01,-1.523454934358596802e-01,-2.471454739570617676e-01,2.286247462034225464e-01,1.484984636306762695e+00,-3.879125714302062988e-01,5.922145769000053406e-02,1.180376634001731873e-01
2.126002162694931030e-01,-1.088958904147148132e-01,7.447389364242553711e-01,-2.515775151550769806e-02,3.368989378213882446e-02,9.981897473335266113e-01,4.300329834222793579e-02,6.559454649686813354e-02,-4.276220686733722687e-03,7.930262386798858643e-02,-9.552335366606712341e-03,-2.913576662540435791e-01,-2.728822082281112671e-02,3.200790658593177795e-02,-1.576778143644332886e-01,-1.660354137420654297e-01,5.898189917206764221e-02,-3.177872002124786377e-01,1.401548683643341064e-01,-2.193306833505630493e-01,-6.762750446796417236e-02,6.287789344787597656e-02,-9.713105857372283936e-02,2.694139778614044189e-01,-3.234779238700866699e-01,1.227352023124694824e+00,2.856425642967224121e-01,-9.640084952116012573e-02,-1.024820804595947266e-01,-1.156526058912277222e-01,-2.206101417541503906e-01,2.199135422706604004e-01,1.510635256767272949e+00,-3.943980634212493896e-01,6.983445584774017334e-02,1.283090859651565552e-01
2.119953632354736328e-01,-1.086291819810867310e-01,7.447298765182495117e-01,-2.498479001224040985e-02,3.330102562904357910e-02,9.982796311378479004e-01,4.128668457269668579e-02,6.741756200790405273e-02,-3.657803637906908989e-03,7.637838274240493774e-02,-1.202211715281009674e-02,-2.905698716640472412e-01,-2.852574735879898071e-02,3.376575931906700134e-02,-1.559005230665206909e-01,-1.682654172182083130e-01,5.804003775119781494e-02,-3.189969062805175781e-01,1.374675035476684570e-01,-2.219650596380233765e-01,-7.066960632801055908e-02,6.367094814777374268e-02,-6.825731694698333740e-02,2.580095529556274414e-01,-2.792769074440002441e-01,1.315047979354858398e+00,3.070482909679412842e-01,-7.277950644493103027e-02,-9.738318622112274170e-02,-8.500018715858459473e-02,-1.954229027032852173e-01,2.069191038608551025e-01,1.532764792442321777e+00,-3.911362886428833008e-01,7.995338737964630127e-02,1.353292018175125122e-01
2.114194035530090332e-01,-1.081848889589309692e-01,7.447184324264526367e-01,-2.433992363512516022e-02,3.307780995965003967e-02,9.983522891998291016e-01,4.007709771394729614e-02,6.810993701219558716e-02,-2.877187682315707207e-03,7.438614219427108765e-02,-9.194838814437389374e-03,-2.928360998630523682e-01,-2.929580397903919220e-02,3.640311211347579956e-02,-1.548413932323455811e-01,-1.704819202423095703e-01,5.860222503542900085e-02,-3.214667737483978271e-01,1.352700740098953247e-01,-2.233401238918304443e-01,-7.309778779745101929e-02,6.389176845550537109e-02,-3.638052195310592651e-02,2.518636286258697510e-01,-2.392878234386444092e-01,1.377786397933959961e+00,3.179610669612884521e-01,-4.645124077796936035e-02,-1.033249646425247192e-01,-5.601492896676063538e-02,-1.746519207954406738e-01,1.887549757957458496e-01,1.548559546470642090e+00,-3.761964440345764160e-01,8.707288652658462524e-02,1.441422551870346069e-01
2.113312780857086182e-01,-1.072618514299392700e-01,7.446979880332946777e-01,-2.320446632802486420e-02,3.265425562858581543e-02,9.984425306320190430e-01,3.883050382137298584e-02,6.828594952821731567e-02,-9.831656934693455696e-04,7.199171185493469238e-02,-4.987075459212064743e-03,-2.953980267047882080e-01,-2.939227595925331116e-02,3.858439624309539795e-02,-1.524403542280197144e-01,-1.719436645507812500e-01,6.066441908478736877e-02,-3.249294161796569824e-01,1.310545206069946289e-01,-2.235339581966400146e-01,-7.928974181413650513e-02,7.027680426836013794e-02,1.152646355330944061e-02,2.542272210121154785e-01,-1.859995871782302856e-01,1.430753469467163086e+00,3.457420766353607178e-01,-3.421915695071220398e-02,-1.505408287048339844e-01,-2.484417706727981567e-02,-1.416438668966293335e-01,1.608751863241195679e-01,1.563048720359802246e+00,-3.387793302536010742e-01,8.571075648069381714e-02,1.667911410331726074e-01
2.117673605680465698e-01,-1.069062799215316772e-01,7.446750998497009277e-01,-2.261253818869590759e-02,3.262593969702720642e-02,9.984518885612487793e-01,3.896279633045196533e-02,6.780400127172470093e-02,-3.653744934126734734e-04,7.235765457153320312e-02,-2.490666694939136505e-03,-2.965884804725646973e-01,-2.860971726477146149e-02,3.768330812454223633e-02,-1.518027186393737793e-01,-1.710957735776901245e-01,6.368556618690490723e-02,-3.266166746616363525e-01,1.288757324218750000e-01,-2.198726087808609009e-01,-8.218406140804290771e-02,7.479669898748397827e-02,3.154354169964790344e-02,2.596094012260437012e-01,-1.812848150730133057e-01,1.416661620140075684e+00,3.532416522502899170e-01,-4.750350490212440491e-02,-1.884966790676116943e-01,-2.055791392922401428e-02,-1.300816237926483154e-01,1.600802242755889893e-01,1.561775684356689453e+00,-3.309734463691711426e-01,8.123733848333358765e-02,1.796225905418395996e-01
2.124475985765457153e-01,-1.066113039851188660e-01,7.445979118347167969e-01,-2.199344523251056671e-02,3.271138668060302734e-02,9.984469413757324219e-01,3.936935588717460632e-02,6.746499985456466675e-02,-6.738735100952908397e-05,7.312846183776855469e-02,-1.764655171427875757e-04,-2.975551486015319824e-01,-2.719078771770000458e-02,3.624629229307174683e-02,-1.516574621200561523e-01,-1.696589589118957520e-01,6.751055270433425903e-02,-3.280616402626037598e-01,1.266498416662216187e-01,-2.142821699380874634e-01,-8.475860953330993652e-02,7.949325442314147949e-02,4.662137851119041443e-02,2.658935785293579102e-01,-1.878198385238647461e-01,1.384772062301635742e+00,3.520651161670684814e-01,-6.334383785724639893e-02,-2.176917940378189087e-01,-2.349486015737056732e-02,-1.216547861695289612e-01,1.690427809953689575e-01,1.555735588073730469e+00,-3.346640467643737793e-01,7.903223484754562378e-02,1.903737932443618774e-01
2.132839411497116089e-01,-1.064313203096389771e-01,7.444933652877807617e-01,-2.129908092319965363e-02,3.284016996622085571e-02,9.984397888183593750e-01,3.982314094901084900e-02,6.724938005208969116e-02,2.758515620371326804e-05,7.393757998943328857e-02,1.822421443648636341e-03,-2.980871796607971191e-01,-2.628046087920665741e-02,3.531350195407867432e-02,-1.520024687051773071e-01,-1.685007363557815552e-01,7.082468271255493164e-02,-3.285435736179351807e-01,1.253485232591629028e-01,-2.076983600854873657e-01,-8.676972985267639160e-02,8.353030681610107422e-02,5.436385795474052429e-02,2.722553610801696777e-01,-1.993735730648040771e-01,1.345192432403564453e+00,3.421667218208312988e-01,-7.697319984436035156e-02,-2.363272756338119507e-01,-3.273609280586242676e-02,-1.176208108663558960e-01,1.839832812547683716e-01,1.545500397682189941e+00,-3.462349772453308105e-01,7.933994382619857788e-02,2.008665949106216431e-01
2.141228318214416504e-01,-1.063887402415275574e-01,7.443700432777404785e-01,-2.059213444590568542e-02,3.295493498444557190e-02,9.984439611434936523e-01,3.999471291899681091e-02,6.702402979135513306e-02,-9.242379019269719720e-05,7.412923127412796021e-02,3.573685884475708008e-03,-2.983109652996063232e-01,-2.567516453564167023e-02,3.544950112700462341e-02,-1.526448875665664673e-01,-1.681744754314422607e-01,7.249113172292709351e-02,-3.281178474426269531e-01,1.252488642930984497e-01,-2.014227658510208130e-01,-8.822559565305709839e-02,8.608546108007431030e-02,5.280307307839393616e-02,2.775775194168090820e-01,-2.115346193313598633e-01,1.307193040847778320e+00,3.309751749038696289e-01,-8.440236002206802368e-02,-2.360798120498657227e-01,-4.770587757229804993e-02,-1.184636875987052917e-01,2.006022930145263672e-01,1.531059622764587402e+00,-3.595226705074310303e-01,7.960120588541030884e-02,2.064106613397598267e-01
2.148029804229736328e-01,-1.065710186958312988e-01,7.443355321884155273e-01,-1.984800212085247040e-02,3.298775479197502136e-02,9.984792470932006836e-01,3.946004062891006470e-02,6.678877770900726318e-02,-5.018707597628235817e-04,7.334504276514053345e-02,4.763884469866752625e-03,-2.984653115272521973e-01,-2.560394071042537689e-02,3.649561479687690735e-02,-1.531285047531127930e-01,-1.689199358224868774e-01,7.212220132350921631e-02,-3.273266851902008057e-01,1.260608136653900146e-01,-1.962308883666992188e-01,-8.943953365087509155e-02,8.646077662706375122e-02,4.072150960564613342e-02,2.808142304420471191e-01,-2.208528518676757812e-01,1.278237104415893555e+00,3.246638476848602295e-01,-8.726853877305984497e-02,-2.192560285329818726e-01,-6.746749579906463623e-02,-1.241391748189926147e-01,2.158110588788986206e-01,1.512192249298095703e+00,-3.694570958614349365e-01,7.525197416543960571e-02,2.005740851163864136e-01
2.153903841972351074e-01,-1.068378239870071411e-01,7.442712783813476562e-01,-1.933966763317584991e-02,3.297988697886466980e-02,9.985249638557434082e-01,3.855193033814430237e-02,6.637325882911682129e-02,-1.034268061630427837e-03,7.190759479999542236e-02,5.196916870772838593e-03,-2.983657419681549072e-01,-2.594605088233947754e-02,3.795138373970985413e-02,-1.537092179059982300e-01,-1.705054938793182373e-01,7.055571675300598145e-02,-3.262396454811096191e-01,1.275694817304611206e-01,-1.924720853567123413e-01,-9.020601212978363037e-02,8.431141823530197144e-02,1.913602650165557861e-02,2.806771397590637207e-01,-2.281884998083114624e-01,1.260135173797607422e+00,3.213809430599212646e-01,-8.784671872854232788e-02,-1.947117149829864502e-01,-9.089829027652740479e-02,-1.342248469591140747e-01,2.303192317485809326e-01,1.489358901977539062e+00,-3.744339346885681152e-01,6.393912434577941895e-02,1.810161769390106201e-01
2.159163355827331543e-01,-1.071494147181510925e-01,7.441812753677368164e-01,-1.911926269531250000e-02,3.293752297759056091e-02,9.985732436180114746e-01,3.742996230721473694e-02,6.587543338537216187e-02,-1.599049544893205166e-03,7.019474357366561890e-02,4.516128450632095337e-03,-2.977660894393920898e-01,-2.682252414524555206e-02,3.908240795135498047e-02,-1.543230265378952026e-01,-1.725659519433975220e-01,6.876685470342636108e-02,-3.252361416816711426e-01,1.292005777359008789e-01,-1.901314109563827515e-01,-9.047617763280868530e-02,7.981702685356140137e-02,-1.008500345051288605e-02,2.775358855724334717e-01,-2.354502230882644653e-01,1.251304149627685547e+00,3.188051581382751465e-01,-8.835146576166152954e-02,-1.710219383239746094e-01,-1.172881573438644409e-01,-1.481278240680694580e-01,2.460783720016479492e-01,1.463855266571044922e+00,-3.764789402484893799e-01,4.710877686738967896e-02,1.521862000226974487e-01
2.163931578397750854e-01,-1.074646860361099243e-01,7.440350651741027832e-01,-1.916534267365932465e-02,3.285030275583267212e-02,9.986174106597900391e-01,3.628792613744735718e-02,6.544849276542663574e-02,-2.013894962146878242e-03,6.850453466176986694e-02,2.713738940656185150e-03,-2.961373031139373779e-01,-2.815777249634265900e-02,3.948356211185455322e-02,-1.549472659826278687e-01,-1.746818870306015015e-01,6.764786690473556519e-02,-3.244483768939971924e-01,1.302147209644317627e-01,-1.891977339982986450e-01,-9.024930000305175781e-02,7.383926957845687866e-02,-4.434388130903244019e-02,2.725798189640045166e-01,-2.457639276981353760e-01,1.247565627098083496e+00,3.156996667385101318e-01,-8.966020494699478149e-02,-1.533674597740173340e-01,-1.466730833053588867e-01,-1.649088710546493530e-01,2.651263177394866943e-01,1.436754822731018066e+00,-3.774614632129669189e-01,3.017798624932765961e-02,1.249666884541511536e-01
2.170877456665039062e-01,-1.079140231013298035e-01,7.435440421104431152e-01,-1.925901137292385101e-02,3.246910870075225830e-02,9.987000823020935059e-01,3.424891084432601929e-02,6.575880944728851318e-02,-1.849872525781393051e-03,6.556563079357147217e-02,-1.997528364881873131e-03,-2.901006639003753662e-01,-3.190645575523376465e-02,3.911731764674186707e-02,-1.560394763946533203e-01,-1.783162951469421387e-01,6.896132975816726685e-02,-3.237637281417846680e-01,1.296171694993972778e-01,-1.918447911739349365e-01,-8.853796124458312988e-02,6.185791641473770142e-02,-1.170722171664237976e-01,2.638795077800750732e-01,-2.863606810569763184e-01,1.236986398696899414e+00,3.160925209522247314e-01,-9.560029953718185425e-02,-1.381481885910034180e-01,-2.143533080816268921e-01,-2.042600214481353760e-01,3.140912353992462158e-01,1.377299547195434570e+00,-3.808226883411407471e-01,1.081855222582817078e-02,9.954712539911270142e-02
2.172785997390747070e-01,-1.079840213060379028e-01,7.433196902275085449e-01,-1.873258687555789948e-02,3.225001692771911621e-02,9.987475275993347168e-01,3.335226327180862427e-02,6.695519387722015381e-02,-1.509084366261959076e-03,6.433997303247451782e-02,-3.282505553215742111e-03,-2.878943085670471191e-01,-3.383150696754455566e-02,3.969637304544448853e-02,-1.564522832632064819e-01,-1.798099279403686523e-01,7.095897197723388672e-02,-3.240834474563598633e-01,1.286336481571197510e-01,-1.950313299894332886e-01,-8.717630058526992798e-02,5.736953765153884888e-02,-1.516129672527313232e-01,2.628380060195922852e-01,-3.168351650238037109e-01,1.224333763122558594e+00,3.264940083026885986e-01,-1.009922176599502563e-01,-1.355055868625640869e-01,-2.512657642364501953e-01,-2.259590923786163330e-01,3.396623432636260986e-01,1.345329046249389648e+00,-3.846516311168670654e-01,5.319252144545316696e-03,9.501731395721435547e-02
2.173208594322204590e-01,-1.078703701496124268e-01,7.430526018142700195e-01,-1.795639283955097198e-02,3.196236118674278259e-02,9.987968802452087402e-01,3.257025033235549927e-02,6.821029633283615112e-02,-6.696648197248578072e-04,6.347805261611938477e-02,-2.930909162387251854e-03,-2.864280045032501221e-01,-3.580241277813911438e-02,4.101710394024848938e-02,-1.567434072494506836e-01,-1.810661256313323975e-01,7.310649752616882324e-02,-3.242856264114379883e-01,1.278103291988372803e-01,-1.983815282583236694e-01,-8.543361723423004150e-02,5.409604310989379883e-02,-1.833413392305374146e-01,2.649961709976196289e-01,-3.507441282272338867e-01,1.205507755279541016e+00,3.440021872520446777e-01,-1.084455922245979309e-01,-1.327739655971527100e-01,-2.883215248584747314e-01,-2.476929426193237305e-01,3.632390499114990234e-01,1.313005685806274414e+00,-3.855545222759246826e-01,-1.803027349524199963e-03,8.960454165935516357e-02
2.172437310218811035e-01,-1.076919436454772949e-01,7.428630590438842773e-01,-1.697665825486183167e-02,3.167281299829483032e-02,9.988387823104858398e-01,3.208947926759719849e-02,6.963370740413665771e-02,3.000565920956432819e-04,6.327509135007858276e-02,-1.496197073720395565e-03,-2.864476144313812256e-01,-3.748041018843650818e-02,4.299506545066833496e-02,-1.566634923219680786e-01,-1.817368566989898682e-01,7.463007420301437378e-02,-3.246261179447174072e-01,1.272945255041122437e-01,-2.007422149181365967e-01,-8.336322009563446045e-02,5.125017464160919189e-02,-2.122486084699630737e-01,2.696826159954071045e-01,-3.830377757549285889e-01,1.182158470153808594e+00,3.659637868404388428e-01,-1.167182773351669312e-01,-1.306324601173400879e-01,-3.239052891731262207e-01,-2.684833109378814697e-01,3.820124268531799316e-01,1.282353043556213379e+00,-3.811989426612854004e-01,-1.029929984360933304e-02,8.236534148454666138e-02
2.170332819223403931e-01,-1.074887514114379883e-01,7.427077293395996094e-01,-1.602690666913986206e-02,3.139032050967216492e-02,9.988635778427124023e-01,3.208317607641220093e-02,7.118401676416397095e-02,1.420518266968429089e-03,6.392228603363037109e-02,2.301437925780192018e-04,-2.871178388595581055e-01,-3.880619630217552185e-02,4.528282582759857178e-02,-1.561610400676727295e-01,-1.815212368965148926e-01,7.508178800344467163e-02,-3.248099982738494873e-01,1.270806789398193359e-01,-2.012370526790618896e-01,-8.118937164545059204e-02,4.845032095909118652e-02,-2.382605373859405518e-01,2.759660184383392334e-01,-4.102988541126251221e-01,1.156079053878784180e+00,3.870616257190704346e-01,-1.247093304991722107e-01,-1.286476105451583862e-01,-3.567427098751068115e-01,-2.873228788375854492e-01,3.962323963642120361e-01,1.254374504089355469e+00,-3.731065690517425537e-01,-1.728292740881443024e-02,7.492979615926742554e-02
2.166851162910461426e-01,-1.072526723146438599e-01,7.425823211669921875e-01,-1.525119040161371231e-02,3.116987086832523346e-02,9.988661408424377441e-01,3.259272128343582153e-02,7.297527790069580078e-02,2.572815399616956711e-03,6.540115922689437866e-02,1.413248362950980663e-03,-2.878412008285522461e-01,-3.985771164298057556e-02,4.757909849286079407e-02,-1.553652584552764893e-01,-1.803597211837768555e-01,7.443549484014511108e-02,-3.246982991695404053e-01,1.272085905075073242e-01,-1.997458934783935547e-01,-7.922701537609100342e-02,4.536075890064239502e-02,-2.608236372470855713e-01,2.828736603260040283e-01,-4.307140111923217773e-01,1.129320502281188965e+00,4.026678502559661865e-01,-1.314752995967864990e-01,-1.270051151514053345e-01,-3.858104944229125977e-01,-3.038757741451263428e-01,4.070330560207366943e-01,1.229324221611022949e+00,-3.670164644718170166e-01,-2.039678767323493958e-02,6.984499096870422363e-02
2.162361443042755127e-01,-1.069747656583786011e-01,7.424858808517456055e-01,-1.470195781439542770e-02,3.105464950203895569e-02,9.988464713096618652e-01,3.354398161172866821e-02,7.499030977487564087e-02,3.633941523730754852e-03,6.746131926774978638e-02,1.712756464257836342e-03,-2.883457243442535400e-01,-4.061562940478324890e-02,4.965096339583396912e-02,-1.544498950242996216e-01,-1.784153580665588379e-01,7.306671142578125000e-02,-3.243531286716461182e-01,1.275718063116073608e-01,-1.968613415956497192e-01,-7.761424779891967773e-02,4.193533584475517273e-02,-2.792159914970397949e-01,2.896527349948883057e-01,-4.439209401607513428e-01,1.103719949722290039e+00,4.104133248329162598e-01,-1.366076618432998657e-01,-1.256246715784072876e-01,-4.105213880538940430e-01,-3.181531131267547607e-01,4.152360558509826660e-01,1.206981301307678223e+00,-3.676046729087829590e-01,-2.038600668311119080e-02,6.834950298070907593e-02
2.157304435968399048e-01,-1.066092178225517273e-01,7.423929572105407715e-01,-1.428984571248292923e-02,3.103517927229404449e-02,9.988123774528503418e-01,3.473368287086486816e-02,7.724793255329132080e-02,4.557442851364612579e-03,6.974627822637557983e-02,1.388318487443029881e-03,-2.889274656772613525e-01,-4.111624136567115784e-02,5.148816853761672974e-02,-1.534578502178192139e-01,-1.760063916444778442e-01,7.166078686714172363e-02,-3.242938220500946045e-01,1.277926713228225708e-01,-1.935582160949707031e-01,-7.627320289611816406e-02,3.851057961583137512e-02,-2.929778099060058594e-01,2.954534888267517090e-01,-4.501112997531890869e-01,1.081170558929443359e+00,4.113886952400207520e-01,-1.399121582508087158e-01,-1.251890808343887329e-01,-4.305594265460968018e-01,-3.298052251338958740e-01,4.204846620559692383e-01,1.187226057052612305e+00,-3.742564916610717773e-01,-1.979162171483039856e-02,7.045096158981323242e-02
2.152589708566665649e-01,-1.062057837843894958e-01,7.423205971717834473e-01,-1.406587008386850357e-02,3.109369426965713501e-02,9.987693428993225098e-01,3.598746284842491150e-02,7.902040332555770874e-02,5.440579261630773544e-03,7.187730073928833008e-02,1.095960964448750019e-03,-2.891964912414550781e-01,-4.127794504165649414e-02,5.264491587877273560e-02,-1.526520848274230957e-01,-1.736375093460083008e-01,7.088748365640640259e-02,-3.242277503013610840e-01,1.279150694608688354e-01,-1.906791329383850098e-01,-7.517095655202865601e-02,3.563789278268814087e-02,-3.018929660320281982e-01,3.009939491748809814e-01,-4.512589275836944580e-01,1.062149524688720703e+00,4.079332947731018066e-01,-1.421587020158767700e-01,-1.230736821889877319e-01,-4.459914565086364746e-01,-3.389061987400054932e-01,4.233486652374267578e-01,1.170250415802001953e+00,-3.825110197067260742e-01,-2.083653397858142853e-02,7.338891923427581787e-02
2.147968709468841553e-01,-1.057089641690254211e-01,7.422727942466735840e-01,-1.381274405866861343e-02,3.122180327773094177e-02,9.987319707870483398e-01,3.699784353375434875e-02,8.057527244091033936e-02,6.171302404254674911e-03,7.354807108640670776e-02,1.200241036713123322e-03,-2.898338139057159424e-01,-4.131889343261718750e-02,5.344894528388977051e-02,-1.520000100135803223e-01,-1.717655360698699951e-01,7.115598767995834351e-02,-3.248845636844635010e-01,1.276303678750991821e-01,-1.888392418622970581e-01,-7.437144964933395386e-02,3.369878232479095459e-02,-3.061857819557189941e-01,3.057860732078552246e-01,-4.486903250217437744e-01,1.048317551612854004e+00,4.043200910091400146e-01,-1.434224694967269897e-01,-1.201931908726692200e-01,-4.565299749374389648e-01,-3.448151946067810059e-01,4.233721196651458740e-01,1.156920552253723145e+00,-3.890501856803894043e-01,-2.330409921705722809e-02,7.602132856845855713e-02
2.137998491525650024e-01,-1.045227274298667908e-01,7.422064542770385742e-01,-1.313383504748344421e-02,3.159931302070617676e-02,9.986986517906188965e-01,3.781500458717346191e-02,8.305647969245910645e-02,7.236742880195379257e-03,7.478132098913192749e-02,2.706564031541347504e-03,-2.915051579475402832e-01,-4.129673913121223450e-02,5.488356202840805054e-02,-1.512394398450851440e-01,-1.703547090291976929e-01,7.402987033128738403e-02,-3.279757201671600342e-01,1.258556395769119263e-01,-1.883537769317626953e-01,-7.381863147020339966e-02,3.275338187813758850e-02,-3.031610548496246338e-01,3.129701912403106689e-01,-4.404087364673614502e-01,1.040065288543701172e+00,4.018967151641845703e-01,-1.432095170021057129e-01,-1.169916987419128418e-01,-4.629720151424407959e-01,-3.472487926483154297e-01,4.200864434242248535e-01,1.144068360328674316e+00,-3.934117555618286133e-01,-2.765423059463500977e-02,8.074010908603668213e-02
2.132424712181091309e-01,-1.039027124643325806e-01,7.421648502349853516e-01,-1.292894408106803894e-02,3.178593143820762634e-02,9.987003803253173828e-01,3.768365830183029175e-02,8.394542336463928223e-02,7.658066228032112122e-03,7.450422644615173340e-02,3.484353655949234962e-03,-2.922058403491973877e-01,-4.130847752094268799e-02,5.567699670791625977e-02,-1.508860290050506592e-01,-1.705502569675445557e-01,7.534983009099960327e-02,-3.298320472240447998e-01,1.244990974664688110e-01,-1.890395283699035645e-01,-7.381376624107360840e-02,3.288053348660469055e-02,-2.971228361129760742e-01,3.150336742401123047e-01,-4.369841217994689941e-01,1.046852231025695801e+00,4.012905061244964600e-01,-1.413299590349197388e-01,-1.198022514581680298e-01,-4.597668051719665527e-01,-3.443853259086608887e-01,4.190992712974548340e-01,1.146273255348205566e+00,-3.901800513267517090e-01,-2.757985517382621765e-02,8.302266150712966919e-02
2.127008289098739624e-01,-1.032812520861625671e-01,7.421260476112365723e-01,-1.297105103731155396e-02,3.196623548865318298e-02,9.987029433250427246e-01,3.744759783148765564e-02,8.438931405544281006e-02,8.093485608696937561e-03,7.413426041603088379e-02,3.843626240268349648e-03,-2.926420867443084717e-01,-4.158053919672966003e-02,5.621839687228202820e-02,-1.505027115345001221e-01,-1.709359139204025269e-01,7.590658217668533325e-02,-3.312653303146362305e-01,1.233350485563278198e-01,-1.896854341030120850e-01,-7.373443245887756348e-02,3.275528550148010254e-02,-2.883560061454772949e-01,3.157075941562652588e-01,-4.331723451614379883e-01,1.060882806777954102e+00,3.988051414489746094e-01,-1.385041326284408569e-01,-1.256975084543228149e-01,-4.530448019504547119e-01,-3.395345211029052734e-01,4.182839989662170410e-01,1.155706763267517090e+00,-3.826862573623657227e-01,-2.593012899160385132e-02,8.477693796157836914e-02
2.121491283178329468e-01,-1.026652306318283081e-01,7.420834898948669434e-01,-1.333141606301069260e-02,3.214550390839576721e-02,9.987004995346069336e-01,3.723240271210670471e-02,8.451187610626220703e-02,8.548568934202194214e-03,7.388053834438323975e-02,3.509435104206204414e-03,-2.927697002887725830e-01,-4.201443865895271301e-02,5.643807724118232727e-02,-1.500227153301239014e-01,-1.712738871574401855e-01,7.556524127721786499e-02,-3.322911560535430908e-01,1.223736852407455444e-01,-1.900182813405990601e-01,-7.346964627504348755e-02,3.217165917158126831e-02,-2.769201993942260742e-01,3.147684633731842041e-01,-4.272246658802032471e-01,1.081771612167358398e+00,3.917948603630065918e-01,-1.341749131679534912e-01,-1.343875974416732788e-01,-4.433031082153320312e-01,-3.333189487457275391e-01,4.173483550548553467e-01,1.173171520233154297e+00,-3.728835582733154297e-01,-2.319682762026786804e-02,8.823305368423461914e-02
2.115394622087478638e-01,-1.020363718271255493e-01,7.420276403427124023e-01,-1.392771117389202118e-02,3.235441818833351135e-02,9.986937046051025391e-01,3.701490908861160278e-02,8.456940203905105591e-02,8.939361199736595154e-03,7.376989722251892090e-02,2.329557435587048531e-03,-2.925385832786560059e-01,-4.273262619972229004e-02,5.638471618294715881e-02,-1.495166718959808350e-01,-1.715672463178634644e-01,7.451943308115005493e-02,-3.329723477363586426e-01,1.217237859964370728e-01,-1.900104731321334839e-01,-7.313953340053558350e-02,3.123240731656551361e-02,-2.633653879165649414e-01,3.119774758815765381e-01,-4.167752861976623535e-01,1.108591556549072266e+00,3.791562914848327637e-01,-1.285337954759597778e-01,-1.444138437509536743e-01,-4.311043620109558105e-01,-3.265519738197326660e-01,4.155135750770568848e-01,1.198300480842590332e+00,-3.670178353786468506e-01,-2.013790793716907501e-02,9.579201787710189819e-02
2.108937799930572510e-01,-1.014642566442489624e-01,7.419806122779846191e-01,-1.467631105333566666e-02,3.259091824293136597e-02,9.986835122108459473e-01,3.679279983043670654e-02,8.471857756376266479e-02,9.161209687590599060e-03,7.364182174205780029e-02,4.404268111102283001e-04,-2.919669747352600098e-01,-4.343977198004722595e-02,5.619193613529205322e-02,-1.490706652402877808e-01,-1.718810051679611206e-01,7.317577302455902100e-02,-3.335438966751098633e-01,1.212693601846694946e-01,-1.898579299449920654e-01,-7.276898622512817383e-02,3.014630265533924103e-02,-2.494200319051742554e-01,3.080978989601135254e-01,-4.021776318550109863e-01,1.137789130210876465e+00,3.614484667778015137e-01,-1.223524808883666992e-01,-1.537114828824996948e-01,-4.180800020694732666e-01,-3.201998472213745117e-01,4.128186702728271484e-01,1.227604031562805176e+00,-3.693197369575500488e-01,-1.718376949429512024e-02,1.072809994220733643e-01
2.103472650051116943e-01,-1.010267883539199829e-01,7.419576644897460938e-01,-1.540550030767917633e-02,3.279778361320495605e-02,9.986734986305236816e-01,3.658099472522735596e-02,8.487647771835327148e-02,9.246788918972015381e-03,7.341779768466949463e-02,-1.568017527461051941e-03,-2.911998927593231201e-01,-4.397176206111907959e-02,5.593855679035186768e-02,-1.487778276205062866e-01,-1.722788214683532715e-01,7.202607393264770508e-02,-3.340832889080047607e-01,1.209672838449478149e-01,-1.898840367794036865e-01,-7.237729430198669434e-02,2.912775054574012756e-02,-2.379600852727890015e-01,3.046441376209259033e-01,-3.875490427017211914e-01,1.162830352783203125e+00,3.434529900550842285e-01,-1.171757057309150696e-01,-1.595837920904159546e-01,-4.072107374668121338e-01,-3.152040541172027588e-01,4.099493622779846191e-01,1.254047393798828125e+00,-3.773740231990814209e-01,-1.482673734426498413e-02,1.175897344946861267e-01
2.100149244070053101e-01,-1.008051112294197083e-01,7.419483065605163574e-01,-1.586825586855411530e-02,3.294224292039871216e-02,9.986705183982849121e-01,3.633389994502067566e-02,8.492977917194366455e-02,9.144150651991367340e-03,7.316072285175323486e-02,-3.081837901845574379e-03,-2.905835807323455811e-01,-4.447882622480392456e-02,5.559297278523445129e-02,-1.486172825098037720e-01,-1.725654602050781250e-01,7.125277072191238403e-02,-3.342088460922241211e-01,1.210238859057426453e-01,-1.902681738138198853e-01,-7.228296995162963867e-02,2.811057865619659424e-02,-2.319446057081222534e-01,3.021523058414459229e-01,-3.779786229133605957e-01,1.178335785865783691e+00,3.332287371158599854e-01,-1.162570118904113770e-01,-1.602819263935089111e-01,-4.014629721641540527e-01,-3.118486404418945312e-01,4.078929126262664795e-01,1.270388841629028320e+00,-3.852336406707763672e-01,-1.458643656224012375e-02,1.218765005469322205e-01
2.099124193191528320e-01,-1.007930412888526917e-01,7.419593334197998047e-01,-1.604316569864749908e-02,3.299983590841293335e-02,9.986726641654968262e-01,3.614633530378341675e-02,8.482769876718521118e-02,8.968063630163669586e-03,7.287373393774032593e-02,-3.681904869154095650e-03,-2.903479337692260742e-01,-4.448384419083595276e-02,5.529466271400451660e-02,-1.485547274351119995e-01,-1.726181209087371826e-01,7.091233134269714355e-02,-3.340274095535278320e-01,1.209483519196510315e-01,-1.908723413944244385e-01,-7.242216914892196655e-02,2.732258103787899017e-02,-2.311948537826538086e-01,3.010151982307434082e-01,-3.753063976764678955e-01,1.183588027954101562e+00,3.311703205108642578e-01,-1.168808192014694214e-01,-1.601790934801101685e-01,-4.009359180927276611e-01,-3.100740909576416016e-01,4.077699780464172363e-01,1.275470972061157227e+00,-3.874254524707794189e-01,-1.516963634639978409e-02,1.222814619541168213e-01
